Bestandeseinheit,Baumart,Baumnummer,D_1957,Aus_1957,H_1957,D_1963,Aus_1963,H_1963,D_1972,Aus_1972,H_1972,D_1982,Aus_1982,H_1982,D_1992,Aus_1992,H_1992,D_2000,Aus_2000,H_2000,D_2008,Aus_2008,H_2008,D_2016,Aus_2016,H_2016
1,Bu,501,10.3,NA,NA,10.2,NA,NA,10.0,1,NA,NA,NA,NA,NA,NA,NA,NA,NA,NA,NA,NA,NA,NA,NA,NA
1,Bu,502,21.7,NA,NA,25.0,2,NA,NA,NA,NA,NA,NA,NA,NA,NA,NA,NA,NA,NA,NA,NA,NA,NA,NA,NA
1,Bu,503,9.9,NA,NA,9.8,NA,NA,10.6,2,NA,NA,NA,NA,NA,NA,NA,NA,NA,NA,NA,NA,NA,NA,NA,NA
1,Bu,504,8.8,2,NA,NA,NA,NA,NA,NA,NA,NA,NA,NA,NA,NA,NA,NA,NA,NA,NA,NA,NA,NA,NA,NA
1,Bu,505,16.3,NA,NA,18.4,NA,NA,21.8,NA,NA,24.7,NA,NA,27.6,NA,NA,29.2,NA,NA,30.9,NA,NA,32.8,NA,NA
1,Bu,506,17.5,NA,NA,18.3,2,NA,NA,NA,NA,NA,NA,NA,NA,NA,NA,NA,NA,NA,NA,NA,NA,NA,NA,NA
1,Bu,507,8.4,NA,NA,8.4,2,NA,NA,NA,NA,NA,NA,NA,NA,NA,NA,NA,NA,NA,NA,NA,NA,NA,NA,NA
1,Bu,508,12.6,NA,NA,12.7,NA,NA,14.0,NA,NA,14.8,7,NA,NA,NA,NA,NA,NA,NA,NA,NA,NA,NA,NA,NA
1,Bu,509,14.8,NA,NA,15.6,NA,NA,16.9,NA,NA,17.8,7,NA,NA,NA,NA,NA,NA,NA,NA,NA,NA,NA,NA,NA
1,Bu,510,20.8,NA,NA,22.6,2,NA,NA,NA,NA,NA,NA,NA,NA,NA,NA,NA,NA,NA,NA,NA,NA,NA,NA,NA
1,Bu,511,15.6,NA,NA,17.8,NA,NA,20.7,NA,NA,23.4,NA,NA,24.8,7,NA,NA,NA,NA,NA,NA,NA,NA,NA,NA
1,Bu,512,14.7,NA,NA,15.6,2,NA,NA,NA,NA,NA,NA,NA,NA,NA,NA,NA,NA,NA,NA,NA,NA,NA,NA,NA
1,Bu,513,12.3,NA,NA,12.8,NA,NA,14.6,3,NA,NA,NA,NA,NA,NA,NA,NA,NA,NA,NA,NA,NA,NA,NA,NA
1,Bu,514,20.4,NA,NA,23.2,NA,NA,28.4,NA,NA,34.1,NA,NA,39.9,NA,NA,43.6,NA,31.7,46.9,NA,NA,48.8,NA,NA
1,Bu,515,9.8,2,NA,NA,NA,NA,NA,NA,NA,NA,NA,NA,NA,NA,NA,NA,NA,NA,NA,NA,NA,NA,NA,NA
1,Bu,516,9.0,2,NA,NA,NA,NA,NA,NA,NA,NA,NA,NA,NA,NA,NA,NA,NA,NA,NA,NA,NA,NA,NA,NA
1,Bu,517,13.0,NA,NA,13.9,NA,NA,17.0,NA,NA,18.5,7,NA,NA,NA,NA,NA,NA,NA,NA,NA,NA,NA,NA,NA
1,Bu,518,12.2,2,NA,NA,NA,NA,NA,NA,NA,NA,NA,NA,NA,NA,NA,NA,NA,NA,NA,NA,NA,NA,NA,NA
1,Bu,519,9.6,2,NA,NA,NA,NA,NA,NA,NA,NA,NA,NA,NA,NA,NA,NA,NA,NA,NA,NA,NA,NA,NA,NA
1,Bu,601,9.4,2,NA,NA,NA,NA,NA,NA,NA,NA,NA,NA,NA,NA,NA,NA,NA,NA,NA,NA,NA,NA,NA,NA
1,Bu,602,15.2,NA,NA,15.1,NA,NA,16.4,NA,NA,18.2,NA,NA,19.6,7,NA,NA,NA,NA,NA,NA,NA,NA,NA,NA
1,Bu,603,17.2,NA,NA,19.4,NA,NA,24.0,NA,NA,28.6,NA,NA,33.0,NA,NA,35.5,3,NA,NA,NA,NA,NA,NA,NA
1,Bu,604,25.2,NA,NA,28.2,2,NA,NA,NA,NA,NA,NA,NA,NA,NA,NA,NA,NA,NA,NA,NA,NA,NA,NA,NA
1,Bu,605,14.5,NA,NA,15.2,NA,NA,19.7,NA,NA,23.3,NA,NA,26.1,NA,NA,28.0,NA,NA,30.8,NA,NA,33.6,NA,NA
1,Bu,606,12.3,NA,NA,12.4,2,NA,NA,NA,NA,NA,NA,NA,NA,NA,NA,NA,NA,NA,NA,NA,NA,NA,NA,NA
1,Bu,607,10.8,NA,NA,10.8,NA,NA,11.6,2,NA,NA,NA,NA,NA,NA,NA,NA,NA,NA,NA,NA,NA,NA,NA,NA
1,Bu,608,17.4,NA,NA,18.3,2,NA,NA,NA,NA,NA,NA,NA,NA,NA,NA,NA,NA,NA,NA,NA,NA,NA,NA,NA
1,Bu,609,13.0,NA,NA,13.0,NA,NA,15.0,2,NA,NA,NA,NA,NA,NA,NA,NA,NA,NA,NA,NA,NA,NA,NA,NA
1,Bu,610,9.3,2,NA,NA,NA,NA,NA,NA,NA,NA,NA,NA,NA,NA,NA,NA,NA,NA,NA,NA,NA,NA,NA,NA
1,Bu,611,9.8,NA,NA,9.6,2,NA,NA,NA,NA,NA,NA,NA,NA,NA,NA,NA,NA,NA,NA,NA,NA,NA,NA,NA
1,Bu,612,10.9,NA,NA,10.7,NA,NA,10.5,2,NA,NA,NA,NA,NA,NA,NA,NA,NA,NA,NA,NA,NA,NA,NA,NA
1,Bu,613,14.4,NA,NA,15.4,2,NA,NA,NA,NA,NA,NA,NA,NA,NA,NA,NA,NA,NA,NA,NA,NA,NA,NA,NA
1,Bu,614,18.0,NA,NA,20.6,2,NA,NA,NA,NA,NA,NA,NA,NA,NA,NA,NA,NA,NA,NA,NA,NA,NA,NA,NA
1,Bu,615,13.9,NA,NA,15.0,NA,NA,17.6,NA,NA,21.0,NA,NA,24.0,NA,NA,25.5,3,28.8,NA,NA,NA,NA,NA,NA
1,Bu,616,14.6,NA,NA,15.6,NA,NA,16.6,3,NA,NA,NA,NA,NA,NA,NA,NA,NA,NA,NA,NA,NA,NA,NA,NA
1,Bu,617,11.0,2,NA,NA,NA,NA,NA,NA,NA,NA,NA,NA,NA,NA,NA,NA,NA,NA,NA,NA,NA,NA,NA,NA
1,Bu,618,19.9,NA,NA,22.5,NA,NA,27.4,NA,NA,31.3,NA,NA,36.2,NA,NA,39.4,NA,31.0,42.6,NA,NA,46.6,NA,NA
1,Bu,701,13.8,NA,NA,14.3,2,NA,NA,NA,NA,NA,NA,NA,NA,NA,NA,NA,NA,NA,NA,NA,NA,NA,NA,NA
1,Bu,702,12.4,NA,NA,12.7,NA,NA,13.2,2,NA,NA,NA,NA,NA,NA,NA,NA,NA,NA,NA,NA,NA,NA,NA,NA
1,Bu,703,9.8,NA,NA,9.8,2,NA,NA,NA,NA,NA,NA,NA,NA,NA,NA,NA,NA,NA,NA,NA,NA,NA,NA,NA
1,Bu,704,15.9,NA,NA,17.8,2,NA,NA,NA,NA,NA,NA,NA,NA,NA,NA,NA,NA,NA,NA,NA,NA,NA,NA,NA
1,Bu,705,15.2,NA,NA,15.4,2,NA,NA,NA,NA,NA,NA,NA,NA,NA,NA,NA,NA,NA,NA,NA,NA,NA,NA,NA
1,Bu,706,13.8,NA,NA,15.0,2,NA,NA,NA,NA,NA,NA,NA,NA,NA,NA,NA,NA,NA,NA,NA,NA,NA,NA,NA
1,Bu,707,14.7,NA,NA,15.0,NA,NA,16.8,NA,NA,18.9,7,NA,NA,NA,NA,NA,NA,NA,NA,NA,NA,NA,NA,NA
1,Bu,708,8.8,NA,NA,8.6,2,NA,NA,NA,NA,NA,NA,NA,NA,NA,NA,NA,NA,NA,NA,NA,NA,NA,NA,NA
1,Bu,709,15.2,NA,NA,15.2,NA,NA,16.3,NA,NA,16.4,7,NA,NA,NA,NA,NA,NA,NA,NA,NA,NA,NA,NA,NA
1,Bu,710,8.5,2,NA,NA,NA,NA,NA,NA,NA,NA,NA,NA,NA,NA,NA,NA,NA,NA,NA,NA,NA,NA,NA,NA
1,Bu,711,12.0,NA,NA,12.2,2,NA,NA,NA,NA,NA,NA,NA,NA,NA,NA,NA,NA,NA,NA,NA,NA,NA,NA,NA
1,Bu,712,7.2,2,NA,NA,NA,NA,NA,NA,NA,NA,NA,NA,NA,NA,NA,NA,NA,NA,NA,NA,NA,NA,NA,NA
1,Bu,713,14.4,NA,NA,14.1,2,NA,NA,NA,NA,NA,NA,NA,NA,NA,NA,NA,NA,NA,NA,NA,NA,NA,NA,NA
1,Bu,714,8.4,2,11.5,NA,NA,NA,NA,NA,NA,NA,NA,NA,NA,NA,NA,NA,NA,NA,NA,NA,NA,NA,NA,NA
1,Bu,715,17.4,NA,15.0,17.8,NA,NA,21.0,NA,NA,23.5,NA,NA,25.9,2,NA,NA,NA,NA,NA,NA,NA,NA,NA,NA
1,Bu,716,16.4,NA,NA,18.0,NA,NA,21.0,NA,NA,24.4,NA,NA,28.0,NA,NA,30.1,3,NA,NA,NA,NA,NA,NA,NA
1,Bu,717,8.8,NA,NA,8.8,NA,NA,9.4,7,NA,NA,NA,NA,NA,NA,NA,NA,NA,NA,NA,NA,NA,NA,NA,NA
1,Bu,718,20.0,NA,NA,22.4,2,NA,NA,NA,NA,NA,NA,NA,NA,NA,NA,NA,NA,NA,NA,NA,NA,NA,NA,NA
1,Bu,719,14.5,NA,NA,14.9,NA,NA,15.8,NA,NA,16.0,7,NA,NA,NA,NA,NA,NA,NA,NA,NA,NA,NA,NA,NA
1,Bu,720,9.7,2,NA,NA,NA,NA,NA,NA,NA,NA,NA,NA,NA,NA,NA,NA,NA,NA,NA,NA,NA,NA,NA,NA
1,Bu,721,28.0,NA,NA,31.6,NA,NA,37.3,NA,NA,43.0,NA,NA,48.9,NA,NA,51.6,NA,30.2,54.2,NA,31.1,56.5,NA,NA
1,Bu,801,12.2,NA,NA,12.2,NA,NA,12.8,7,NA,NA,NA,NA,NA,NA,NA,NA,NA,NA,NA,NA,NA,NA,NA,NA
1,Bu,802,13.4,NA,NA,13.5,2,NA,NA,NA,NA,NA,NA,NA,NA,NA,NA,NA,NA,NA,NA,NA,NA,NA,NA,NA
1,Bu,803,20.3,NA,NA,22.6,NA,NA,26.6,NA,NA,30.2,NA,NA,34.3,NA,NA,37.2,3,NA,NA,NA,NA,NA,NA,NA
1,Bu,804,20.0,NA,NA,21.2,2,NA,NA,NA,NA,NA,NA,NA,NA,NA,NA,NA,NA,NA,NA,NA,NA,NA,NA,NA
1,Bu,805,18.0,NA,NA,20.2,NA,NA,24.4,NA,NA,28.4,NA,NA,32.0,NA,NA,34.7,NA,NA,37.0,NA,NA,39.3,NA,NA
1,Bu,806,16.3,NA,NA,16.9,NA,NA,19.1,NA,NA,20.5,7,NA,NA,NA,NA,NA,NA,NA,NA,NA,NA,NA,NA,NA
1,Bu,807,6.7,2,NA,NA,NA,NA,NA,NA,NA,NA,NA,NA,NA,NA,NA,NA,NA,NA,NA,NA,NA,NA,NA,NA
1,Bu,808,12.6,2,NA,NA,NA,NA,NA,NA,NA,NA,NA,NA,NA,NA,NA,NA,NA,NA,NA,NA,NA,NA,NA,NA
1,Bu,809,13.1,NA,NA,12.8,NA,NA,13.6,NA,NA,14.2,7,NA,NA,NA,NA,NA,NA,NA,NA,NA,NA,NA,NA,NA
1,Bu,810,6.6,NA,NA,6.6,NA,NA,7.0,1,NA,NA,NA,NA,NA,NA,NA,NA,NA,NA,NA,NA,NA,NA,NA,NA
1,Bu,811,11.4,NA,NA,11.2,NA,NA,11.3,1,NA,NA,NA,NA,NA,NA,NA,NA,NA,NA,NA,NA,NA,NA,NA,NA
1,Bu,812,9.2,2,NA,NA,NA,NA,NA,NA,NA,NA,NA,NA,NA,NA,NA,NA,NA,NA,NA,NA,NA,NA,NA,NA
1,Bu,813,12.2,NA,NA,12.3,NA,NA,12.6,2,NA,NA,NA,NA,NA,NA,NA,NA,NA,NA,NA,NA,NA,NA,NA,NA
1,Bu,814,26.4,NA,NA,28.8,NA,NA,33.4,NA,NA,37.6,NA,NA,41.2,NA,NA,43.9,NA,NA,47.0,NA,NA,49.3,NA,NA
1,Bu,901,18.4,NA,NA,19.4,NA,NA,21.4,NA,NA,22.4,NA,NA,23.2,7,NA,NA,NA,NA,NA,NA,NA,NA,NA,NA
1,Bu,902,14.0,NA,NA,14.1,NA,NA,14.7,2,NA,NA,NA,NA,NA,NA,NA,NA,NA,NA,NA,NA,NA,NA,NA,NA
1,Bu,903,18.5,NA,NA,21.4,2,NA,NA,NA,NA,NA,NA,NA,NA,NA,NA,NA,NA,NA,NA,NA,NA,NA,NA,NA
1,Bu,904,9.8,2,NA,NA,NA,NA,NA,NA,NA,NA,NA,NA,NA,NA,NA,NA,NA,NA,NA,NA,NA,NA,NA,NA
1,Bu,905,9.4,2,NA,NA,NA,NA,NA,NA,NA,NA,NA,NA,NA,NA,NA,NA,NA,NA,NA,NA,NA,NA,NA,NA
1,Bu,906,14.9,NA,NA,16.1,NA,NA,17.4,NA,NA,18.3,NA,NA,19.2,7,NA,NA,NA,NA,NA,NA,NA,NA,NA,NA
1,Bu,907,8.0,2,NA,NA,NA,NA,NA,NA,NA,NA,NA,NA,NA,NA,NA,NA,NA,NA,NA,NA,NA,NA,NA,NA
1,Bu,908,9.8,2,NA,NA,NA,NA,NA,NA,NA,NA,NA,NA,NA,NA,NA,NA,NA,NA,NA,NA,NA,NA,NA,NA
1,Bu,909,13.8,NA,NA,13.8,1,NA,NA,NA,NA,NA,NA,NA,NA,NA,NA,NA,NA,NA,NA,NA,NA,NA,NA,NA
1,Bu,910,19.9,NA,NA,22.0,NA,NA,25.6,NA,NA,29.7,NA,NA,33.1,NA,NA,35.2,NA,NA,37.9,NA,NA,39.2,NA,NA
1,Bu,911,18.6,NA,NA,19.4,2,NA,NA,NA,NA,NA,NA,NA,NA,NA,NA,NA,NA,NA,NA,NA,NA,NA,NA,NA
1,Bu,912,11.6,2,NA,NA,NA,NA,NA,NA,NA,NA,NA,NA,NA,NA,NA,NA,NA,NA,NA,NA,NA,NA,NA,NA
1,Bu,913,11.0,2,NA,NA,NA,NA,NA,NA,NA,NA,NA,NA,NA,NA,NA,NA,NA,NA,NA,NA,NA,NA,NA,NA
1,Bu,914,14.6,NA,NA,15.0,2,NA,NA,NA,NA,NA,NA,NA,NA,NA,NA,NA,NA,NA,NA,NA,NA,NA,NA,NA
1,Bu,915,19.0,NA,NA,21.5,NA,NA,25.3,NA,NA,29.6,NA,NA,33.7,NA,NA,35.9,NA,NA,38.3,NA,NA,40.0,NA,NA
1,Bu,916,15.1,NA,NA,16.0,NA,NA,18.0,3,NA,NA,NA,NA,NA,NA,NA,NA,NA,NA,NA,NA,NA,NA,NA,NA
1,Bu,917,12.9,2,NA,NA,NA,NA,NA,NA,NA,NA,NA,NA,NA,NA,NA,NA,NA,NA,NA,NA,NA,NA,NA,NA
1,Bu,1501,14.8,NA,NA,16.3,NA,NA,19.9,NA,22.5,22.8,NA,NA,25.8,2,NA,NA,NA,NA,NA,NA,NA,NA,NA,NA
1,Bu,1502,7.2,2,NA,NA,NA,NA,NA,NA,NA,NA,NA,NA,NA,NA,NA,NA,NA,NA,NA,NA,NA,NA,NA,NA
1,Bu,1503,12.3,NA,NA,13.4,NA,NA,14.7,NA,NA,16.3,NA,NA,16.7,7,NA,NA,NA,NA,NA,NA,NA,NA,NA,NA
1,Bu,1504,8.4,NA,NA,8.5,NA,NA,8.8,7,NA,NA,NA,NA,NA,NA,NA,NA,NA,NA,NA,NA,NA,NA,NA,NA
1,Bu,1505,11.8,NA,NA,12.2,NA,NA,12.8,2,17.8,NA,NA,NA,NA,NA,NA,NA,NA,NA,NA,NA,NA,NA,NA,NA
1,Bu,1506,12.4,NA,NA,13.2,2,NA,NA,NA,NA,NA,NA,NA,NA,NA,NA,NA,NA,NA,NA,NA,NA,NA,NA,NA
1,Bu,1507,8.0,NA,NA,7.8,2,NA,NA,NA,NA,NA,NA,NA,NA,NA,NA,NA,NA,NA,NA,NA,NA,NA,NA,NA
1,Bu,1508,6.8,NA,NA,6.8,2,NA,NA,NA,NA,NA,NA,NA,NA,NA,NA,NA,NA,NA,NA,NA,NA,NA,NA,NA
1,Bu,1509,6.6,2,NA,NA,NA,NA,NA,NA,NA,NA,NA,NA,NA,NA,NA,NA,NA,NA,NA,NA,NA,NA,NA,NA
1,Bu,1510,14.4,NA,NA,15.4,2,NA,NA,NA,NA,NA,NA,NA,NA,NA,NA,NA,NA,NA,NA,NA,NA,NA,NA,NA
1,Bu,1511,17.0,NA,NA,17.6,NA,NA,19.5,NA,21.1,21.2,NA,NA,22.2,NA,NA,22.9,NA,NA,24.1,NA,NA,25.8,NA,28.1
1,Bu,1512,19.6,NA,NA,21.5,2,NA,NA,NA,NA,NA,NA,NA,NA,NA,NA,NA,NA,NA,NA,NA,NA,NA,NA,NA
1,Bu,1513,9.8,NA,NA,9.8,NA,NA,10.2,7,NA,NA,NA,NA,NA,NA,NA,NA,NA,NA,NA,NA,NA,NA,NA,NA
1,Bu,1514,13.8,NA,NA,14.4,NA,NA,17.1,NA,NA,20.4,NA,NA,22.8,7,NA,NA,NA,NA,NA,NA,NA,NA,NA,NA
1,Bu,1515,13.2,NA,NA,14.0,NA,NA,15.4,1,NA,NA,NA,NA,NA,NA,NA,NA,NA,NA,NA,NA,NA,NA,NA,NA
1,Bu,1516,11.4,NA,NA,11.3,NA,NA,11.9,2,NA,NA,NA,NA,NA,NA,NA,NA,NA,NA,NA,NA,NA,NA,NA,NA
1,Bu,1517,14.4,NA,NA,14.4,2,NA,NA,NA,NA,NA,NA,NA,NA,NA,NA,NA,NA,NA,NA,NA,NA,NA,NA,NA
1,Bu,1518,13.4,NA,NA,13.8,NA,NA,15.7,NA,20.1,16.7,7,NA,NA,NA,NA,NA,NA,NA,NA,NA,NA,NA,NA,NA
1,Bu,1519,15.7,NA,NA,17.0,NA,NA,18.4,NA,NA,19.4,1,NA,NA,NA,NA,NA,NA,NA,NA,NA,NA,NA,NA,NA
1,Bu,1520,10.2,NA,NA,9.9,2,NA,NA,NA,NA,NA,NA,NA,NA,NA,NA,NA,NA,NA,NA,NA,NA,NA,NA,NA
1,Bu,1521,9.4,NA,NA,9.1,2,NA,NA,NA,NA,NA,NA,NA,NA,NA,NA,NA,NA,NA,NA,NA,NA,NA,NA,NA
1,Bu,1522,16.8,NA,NA,19.6,NA,NA,22.3,3,NA,NA,NA,NA,NA,NA,NA,NA,NA,NA,NA,NA,NA,NA,NA,NA
1,Bu,1523,14.4,NA,NA,16.0,NA,NA,18.5,NA,NA,21.5,NA,NA,23.6,NA,NA,24.9,3,NA,NA,NA,NA,NA,NA,NA
1,Bu,1524,14.0,NA,NA,14.8,2,NA,NA,NA,NA,NA,NA,NA,NA,NA,NA,NA,NA,NA,NA,NA,NA,NA,NA,NA
1,Bu,1525,17.6,NA,NA,19.8,NA,NA,25.1,NA,NA,29.9,NA,NA,35.0,NA,NA,38.2,NA,NA,41.7,NA,NA,43.7,NA,NA
1,Bu,1526,12.4,NA,NA,12.2,1,NA,NA,NA,NA,NA,NA,NA,NA,NA,NA,NA,NA,NA,NA,NA,NA,NA,NA,NA
1,Bu,1527,7.8,NA,NA,7.7,NA,NA,8.0,7,NA,NA,NA,NA,NA,NA,NA,NA,NA,NA,NA,NA,NA,NA,NA,NA
1,Bu,1601,19.7,NA,NA,22.7,NA,NA,27.8,NA,NA,32.6,NA,NA,38.2,NA,NA,41.8,NA,NA,43.7,NA,NA,48.0,NA,NA
1,Bu,1602,11.9,NA,NA,12.0,NA,NA,12.2,7,NA,NA,NA,NA,NA,NA,NA,NA,NA,NA,NA,NA,NA,NA,NA,NA
1,Bu,1603,15.9,NA,15.0,16.8,NA,NA,17.9,NA,NA,17.9,7,NA,NA,NA,NA,NA,NA,NA,NA,NA,NA,NA,NA,NA
1,Bu,1604,7.4,NA,NA,7.3,1,NA,NA,NA,NA,NA,NA,NA,NA,NA,NA,NA,NA,NA,NA,NA,NA,NA,NA,NA
1,Bu,1605,13.4,NA,NA,13.7,2,NA,NA,NA,NA,NA,NA,NA,NA,NA,NA,NA,NA,NA,NA,NA,NA,NA,NA,NA
1,Bu,1606,15.1,NA,NA,16.1,NA,NA,19.0,NA,NA,22.2,NA,NA,24.7,NA,NA,26.1,3,NA,NA,NA,NA,NA,NA,NA
1,Bu,1607,23.1,NA,16.0,24.2,NA,NA,26.9,NA,24.1,30.2,NA,NA,33.6,NA,NA,36.3,NA,NA,40.8,NA,NA,42.5,NA,30.4
1,Bu,1608,17.4,NA,NA,18.8,2,NA,NA,NA,NA,NA,NA,NA,NA,NA,NA,NA,NA,NA,NA,NA,NA,NA,NA,NA
1,Bu,1609,15.7,NA,NA,17.4,NA,NA,21.2,NA,NA,26.0,NA,NA,29.8,NA,NA,32.8,3,NA,NA,NA,NA,NA,NA,NA
1,Bu,1610,7.2,2,NA,NA,NA,NA,NA,NA,NA,NA,NA,NA,NA,NA,NA,NA,NA,NA,NA,NA,NA,NA,NA,NA
1,Bu,1611,10.0,2,NA,NA,NA,NA,NA,NA,NA,NA,NA,NA,NA,NA,NA,NA,NA,NA,NA,NA,NA,NA,NA,NA
1,Bu,1612,10.6,NA,NA,10.8,2,NA,NA,NA,NA,NA,NA,NA,NA,NA,NA,NA,NA,NA,NA,NA,NA,NA,NA,NA
1,Bu,1613,15.8,NA,NA,16.2,NA,NA,17.5,NA,NA,18.0,NA,NA,18.0,7,NA,NA,NA,NA,NA,NA,NA,NA,NA,NA
1,Bu,1614,9.4,NA,NA,9.4,NA,NA,9.6,7,NA,NA,NA,NA,NA,NA,NA,NA,NA,NA,NA,NA,NA,NA,NA,NA
1,Bu,1615,7.5,NA,NA,7.1,1,NA,NA,NA,NA,NA,NA,NA,NA,NA,NA,NA,NA,NA,NA,NA,NA,NA,NA,NA
1,Bu,1616,20.6,NA,NA,21.8,NA,NA,22.8,NA,NA,25.0,NA,NA,27.5,NA,NA,28.5,3,NA,NA,NA,NA,NA,NA,NA
1,Bu,1617,8.8,2,NA,NA,NA,NA,NA,NA,NA,NA,NA,NA,NA,NA,NA,NA,NA,NA,NA,NA,NA,NA,NA,NA
1,Bu,1618,23.2,NA,NA,25.8,NA,NA,30.5,NA,NA,34.7,NA,NA,40.3,NA,NA,43.6,NA,NA,47.4,NA,NA,49.4,NA,NA
1,Bu,1619,10.0,NA,NA,10.0,NA,NA,10.1,NA,NA,10.4,7,NA,NA,NA,NA,NA,NA,NA,NA,NA,NA,NA,NA,NA
1,Bu,1620,16.2,NA,NA,17.2,NA,NA,20.7,3,NA,NA,NA,NA,NA,NA,NA,NA,NA,NA,NA,NA,NA,NA,NA,NA
1,Bu,1621,12.6,NA,NA,13.8,NA,NA,16.5,2,NA,NA,NA,NA,NA,NA,NA,NA,NA,NA,NA,NA,NA,NA,NA,NA
1,Bu,1622,11.2,NA,NA,12.1,2,NA,NA,NA,NA,NA,NA,NA,NA,NA,NA,NA,NA,NA,NA,NA,NA,NA,NA,NA
1,Bu,1701,8.7,NA,NA,8.6,1,NA,NA,NA,NA,NA,NA,NA,NA,NA,NA,NA,NA,NA,NA,NA,NA,NA,NA,NA
1,Bu,1702,8.6,2,NA,NA,NA,NA,NA,NA,NA,NA,NA,NA,NA,NA,NA,NA,NA,NA,NA,NA,NA,NA,NA,NA
1,Bu,1703,14.6,NA,NA,15.7,NA,NA,18.0,NA,NA,20.5,NA,NA,22.8,NA,NA,23.8,NA,NA,25.0,NA,24.6,27.3,NA,NA
1,Bu,1704,10.6,2,NA,NA,NA,NA,NA,NA,NA,NA,NA,NA,NA,NA,NA,NA,NA,NA,NA,NA,NA,NA,NA,NA
1,Bu,1705,10.6,2,NA,NA,NA,NA,NA,NA,NA,NA,NA,NA,NA,NA,NA,NA,NA,NA,NA,NA,NA,NA,NA,NA
1,Bu,1706,10.4,2,NA,NA,NA,NA,NA,NA,NA,NA,NA,NA,NA,NA,NA,NA,NA,NA,NA,NA,NA,NA,NA,NA
1,Bu,1707,6.8,2,NA,NA,NA,NA,NA,NA,NA,NA,NA,NA,NA,NA,NA,NA,NA,NA,NA,NA,NA,NA,NA,NA
1,Bu,1708,20.8,NA,NA,22.2,NA,NA,26.5,NA,NA,30.0,NA,NA,33.5,NA,NA,35.7,NA,NA,38.2,NA,NA,41.3,NA,NA
1,Bu,1709,25.1,NA,NA,27.4,NA,NA,32.2,NA,NA,36.8,NA,NA,41.5,NA,NA,45.1,NA,NA,49.1,NA,NA,52.4,NA,NA
1,Bu,1710,7.9,2,NA,NA,NA,NA,NA,NA,NA,NA,NA,NA,NA,NA,NA,NA,NA,NA,NA,NA,NA,NA,NA,NA
1,Bu,1711,8.0,2,NA,NA,NA,NA,NA,NA,NA,NA,NA,NA,NA,NA,NA,NA,NA,NA,NA,NA,NA,NA,NA,NA
1,Bu,1712,29.2,NA,NA,31.8,2,NA,NA,NA,NA,NA,NA,NA,NA,NA,NA,NA,NA,NA,NA,NA,NA,NA,NA,NA
1,Bu,1801,9.6,NA,NA,9.4,1,NA,NA,NA,NA,NA,NA,NA,NA,NA,NA,NA,NA,NA,NA,NA,NA,NA,NA,NA
1,Bu,1802,11.2,NA,NA,11.7,NA,NA,12.1,NA,NA,12.4,7,NA,NA,NA,NA,NA,NA,NA,NA,NA,NA,NA,NA,NA
1,Bu,1803,20.5,NA,NA,23.4,NA,NA,27.4,7,NA,NA,NA,NA,NA,NA,NA,NA,NA,NA,NA,NA,NA,NA,NA,NA
1,Bu,1804,25.0,NA,NA,26.2,2,NA,NA,NA,NA,NA,NA,NA,NA,NA,NA,NA,NA,NA,NA,NA,NA,NA,NA,NA
1,Bu,1805,11.0,NA,NA,11.0,1,NA,NA,NA,NA,NA,NA,NA,NA,NA,NA,NA,NA,NA,NA,NA,NA,NA,NA,NA
1,Bu,1806,21.4,NA,NA,24.2,NA,NA,29.5,NA,NA,35.4,NA,NA,39.9,NA,NA,45.1,3,NA,NA,NA,NA,NA,NA,NA
1,Bu,1807,17.2,NA,NA,18.7,NA,NA,20.0,NA,NA,21.1,NA,NA,24.3,7,NA,NA,NA,NA,NA,NA,NA,NA,NA,NA
1,Bu,1808,14.0,NA,NA,14.0,NA,NA,14.6,2,NA,NA,NA,NA,NA,NA,NA,NA,NA,NA,NA,NA,NA,NA,NA,NA
1,Bu,1809,7.5,NA,NA,7.5,1,NA,NA,NA,NA,NA,NA,NA,NA,NA,NA,NA,NA,NA,NA,NA,NA,NA,NA,NA
1,Bu,1810,11.4,NA,NA,11.3,NA,NA,11.8,3,NA,NA,NA,NA,NA,NA,NA,NA,NA,NA,NA,NA,NA,NA,NA,NA
1,Bu,1811,16.2,NA,NA,16.4,2,NA,NA,NA,NA,NA,NA,NA,NA,NA,NA,NA,NA,NA,NA,NA,NA,NA,NA,NA
1,Bu,1812,10.8,2,NA,NA,NA,NA,NA,NA,NA,NA,NA,NA,NA,NA,NA,NA,NA,NA,NA,NA,NA,NA,NA,NA
1,Bu,1813,17.8,NA,NA,19.2,NA,NA,23.6,NA,NA,28.2,NA,NA,31.8,2,NA,NA,NA,NA,NA,NA,NA,NA,NA,NA
1,Bu,1814,14.6,NA,NA,15.4,2,NA,NA,NA,NA,NA,NA,NA,NA,NA,NA,NA,NA,NA,NA,NA,NA,NA,NA,NA
1,Bu,1815,14.6,NA,NA,15.7,2,NA,NA,NA,NA,NA,NA,NA,NA,NA,NA,NA,NA,NA,NA,NA,NA,NA,NA,NA
1,Bu,1816,14.8,NA,NA,15.1,NA,NA,16.0,NA,NA,16.8,7,NA,NA,NA,NA,NA,NA,NA,NA,NA,NA,NA,NA,NA
1,Bu,1817,17.5,NA,NA,18.9,NA,NA,22.4,NA,NA,25.8,NA,NA,28.7,NA,NA,31.9,NA,NA,34.8,NA,29.9,37.6,NA,NA
1,Bu,1901,15.0,NA,NA,16.0,NA,NA,17.2,NA,NA,18.2,7,NA,NA,NA,NA,NA,NA,NA,NA,NA,NA,NA,NA,NA
1,Bu,1902,7.3,2,NA,NA,NA,NA,NA,NA,NA,NA,NA,NA,NA,NA,NA,NA,NA,NA,NA,NA,NA,NA,NA,NA
1,Bu,1903,26.4,NA,NA,27.9,NA,NA,32.2,NA,NA,35.4,NA,NA,39.0,NA,NA,41.0,4,NA,NA,NA,NA,NA,NA,NA
1,Bu,1904,12.4,NA,NA,12.3,2,NA,NA,NA,NA,NA,NA,NA,NA,NA,NA,NA,NA,NA,NA,NA,NA,NA,NA,NA
1,Bu,1905,9.2,NA,NA,9.2,NA,NA,9.6,7,NA,NA,NA,NA,NA,NA,NA,NA,NA,NA,NA,NA,NA,NA,NA,NA
1,Bu,1906,23.5,NA,NA,25.1,NA,NA,27.8,NA,NA,30.2,NA,NA,32.6,NA,NA,33.9,3,NA,NA,NA,NA,NA,NA,NA
1,Bu,1907,18.0,NA,NA,19.6,NA,NA,21.0,NA,NA,22.4,NA,NA,24.2,7,NA,NA,NA,NA,NA,NA,NA,NA,NA,NA
1,Bu,1908,11.8,NA,NA,11.8,2,NA,NA,NA,NA,NA,NA,NA,NA,NA,NA,NA,NA,NA,NA,NA,NA,NA,NA,NA
1,Bu,1909,12.4,NA,NA,12.2,NA,NA,12.3,7,NA,NA,NA,NA,NA,NA,NA,NA,NA,NA,NA,NA,NA,NA,NA,NA
2,Fi,1910,30.6,NA,NA,33.7,NA,NA,33.7,NA,NA,35.4,NA,NA,36.8,NA,NA,38.0,NA,NA,40.5,7,NA,NA,NA,NA
2,Fi,1911,33.8,NA,NA,35.6,NA,NA,36.4,NA,NA,37.2,NA,NA,37.5,NA,NA,37.3,NA,NA,39.9,7,NA,NA,NA,NA
2,Fi,1912,37.4,NA,NA,39.7,NA,NA,44.6,NA,NA,46.9,NA,NA,49.1,NA,NA,51.0,NA,NA,52.8,NA,NA,56.7,NA,NA
1,Bu,1913,9.4,2,NA,NA,NA,NA,NA,NA,NA,NA,NA,NA,NA,NA,NA,NA,NA,NA,NA,NA,NA,NA,NA,NA
1,Bu,1914,17.1,NA,NA,18.6,NA,NA,21.5,NA,NA,23.4,NA,NA,24.8,7,NA,NA,NA,NA,NA,NA,NA,NA,NA,NA
1,Bu,1915,12.0,NA,NA,12.5,2,NA,NA,NA,NA,NA,NA,NA,NA,NA,NA,NA,NA,NA,NA,NA,NA,NA,NA,NA
1,Bu,1916,12.4,NA,NA,12.6,NA,NA,12.1,7,NA,NA,NA,NA,NA,NA,NA,NA,NA,NA,NA,NA,NA,NA,NA,NA
1,Bu,1917,14.8,NA,NA,14.8,NA,NA,15.0,2,NA,NA,NA,NA,NA,NA,NA,NA,NA,NA,NA,NA,NA,NA,NA,NA
1,Bu,1918,10.8,NA,NA,10.7,2,NA,NA,NA,NA,NA,NA,NA,NA,NA,NA,NA,NA,NA,NA,NA,NA,NA,NA,NA
1,Bu,1919,9.8,NA,NA,9.6,1,NA,NA,NA,NA,NA,NA,NA,NA,NA,NA,NA,NA,NA,NA,NA,NA,NA,NA,NA
1,Bu,2501,16.2,NA,NA,19.4,NA,NA,24.0,NA,NA,29.0,NA,NA,33.7,NA,NA,38.0,NA,NA,41.8,NA,30.3,44.5,NA,NA
1,Bu,2502,11.0,NA,NA,11.0,NA,NA,11.8,2,NA,NA,NA,NA,NA,NA,NA,NA,NA,NA,NA,NA,NA,NA,NA,NA
1,Bu,2503,14.6,NA,NA,15.6,NA,NA,18.6,NA,NA,20.2,NA,NA,21.6,NA,NA,23.4,NA,NA,24.9,NA,NA,29.0,NA,NA
1,Bu,2504,5.9,NA,NA,6.0,NA,NA,6.6,1,NA,NA,NA,NA,NA,NA,NA,NA,NA,NA,NA,NA,NA,NA,NA,NA
1,Bu,2505,9.9,2,NA,NA,NA,NA,NA,NA,NA,NA,NA,NA,NA,NA,NA,NA,NA,NA,NA,NA,NA,NA,NA,NA
1,Bu,2506,24.2,NA,NA,27.2,2,NA,NA,NA,NA,NA,NA,NA,NA,NA,NA,NA,NA,NA,NA,NA,NA,NA,NA,NA
1,Bu,2507,17.4,NA,NA,18.7,NA,NA,20.6,NA,NA,22.9,NA,NA,24.2,2,NA,NA,NA,NA,NA,NA,NA,NA,NA,NA
1,Bu,2508,8.3,NA,NA,8.0,1,NA,NA,NA,NA,NA,NA,NA,NA,NA,NA,NA,NA,NA,NA,NA,NA,NA,NA,NA
1,Bu,2509,13.0,NA,NA,14.5,NA,NA,18.4,NA,NA,22.6,NA,NA,27.3,NA,NA,31.2,NA,30.6,34.8,NA,NA,36.8,NA,NA
1,Bu,2510,14.2,NA,NA,14.1,NA,NA,14.4,2,NA,NA,NA,NA,NA,NA,NA,NA,NA,NA,NA,NA,NA,NA,NA,NA
1,Bu,2511,17.4,NA,NA,18.3,NA,NA,22.3,NA,NA,25.7,NA,NA,28.6,NA,NA,29.8,3,NA,NA,NA,NA,NA,NA,NA
1,Bu,2512,8.4,NA,NA,8.2,NA,NA,8.2,5,NA,NA,NA,NA,NA,NA,NA,NA,NA,NA,NA,NA,NA,NA,NA,NA
1,Bu,2513,13.8,NA,NA,14.8,2,19.1,NA,NA,NA,NA,NA,NA,NA,NA,NA,NA,NA,NA,NA,NA,NA,NA,NA,NA
1,Bu,2514,19.1,NA,NA,19.2,NA,NA,23.2,NA,NA,26.6,NA,NA,29.7,NA,NA,31.9,NA,NA,34.3,NA,NA,36.5,NA,NA
1,Bu,2515,8.6,2,NA,NA,NA,NA,NA,NA,NA,NA,NA,NA,NA,NA,NA,NA,NA,NA,NA,NA,NA,NA,NA,NA
1,Bu,2516,15.0,NA,NA,15.8,2,NA,NA,NA,NA,NA,NA,NA,NA,NA,NA,NA,NA,NA,NA,NA,NA,NA,NA,NA
1,Bu,2517,13.0,NA,NA,14.0,NA,NA,14.4,NA,NA,14.4,7,NA,NA,NA,NA,NA,NA,NA,NA,NA,NA,NA,NA,NA
1,Bu,2518,14.4,NA,NA,15.6,NA,NA,17.9,NA,NA,20.7,NA,NA,23.3,7,NA,NA,NA,NA,NA,NA,NA,NA,NA,NA
1,Bu,2601,15.2,NA,NA,16.2,NA,NA,20.0,NA,NA,22.8,NA,NA,25.3,7,NA,NA,NA,NA,NA,NA,NA,NA,NA,NA
1,Bu,2602,14.0,NA,NA,13.9,2,NA,NA,NA,NA,NA,NA,NA,NA,NA,NA,NA,NA,NA,NA,NA,NA,NA,NA,NA
1,Bu,2603,15.9,NA,NA,16.2,NA,NA,18.3,NA,NA,20.8,NA,NA,22.5,NA,NA,23.8,3,27.7,NA,NA,NA,NA,NA,NA
1,Bu,2604,11.1,NA,NA,11.3,NA,NA,12.1,7,NA,NA,NA,NA,NA,NA,NA,NA,NA,NA,NA,NA,NA,NA,NA,NA
1,Bu,2605,17.9,NA,NA,19.8,2,18.5,NA,NA,NA,NA,NA,NA,NA,NA,NA,NA,NA,NA,NA,NA,NA,NA,NA,NA
1,Bu,2606,9.8,NA,NA,9.6,NA,NA,10.4,7,NA,NA,NA,NA,NA,NA,NA,NA,NA,NA,NA,NA,NA,NA,NA,NA
1,Bu,2607,9.4,NA,NA,9.2,NA,NA,9.8,7,NA,NA,NA,NA,NA,NA,NA,NA,NA,NA,NA,NA,NA,NA,NA,NA
1,Bu,2608,15.0,NA,NA,17.4,NA,NA,21.4,NA,22.4,25.2,NA,NA,29.4,NA,26.5,31.9,NA,NA,34.6,NA,NA,37.2,NA,NA
1,Bu,2609,14.0,NA,NA,14.7,NA,NA,16.0,NA,NA,17.2,NA,NA,18.3,7,25.5,NA,NA,NA,NA,NA,NA,NA,NA,NA
1,Bu,2610,6.6,2,NA,NA,NA,NA,NA,NA,NA,NA,NA,NA,NA,NA,NA,NA,NA,NA,NA,NA,NA,NA,NA,NA
1,Bu,2611,17.6,NA,NA,18.0,NA,NA,20.9,NA,NA,24.0,NA,NA,27.2,NA,NA,29.8,NA,NA,32.6,NA,NA,35.2,NA,31.4
1,Bu,2612,10.3,NA,NA,10.2,NA,NA,10.9,1,NA,NA,NA,NA,NA,NA,NA,NA,NA,NA,NA,NA,NA,NA,NA,NA
1,Bu,2613,11.8,NA,NA,12.0,NA,NA,12.8,NA,18.7,12.9,7,NA,NA,NA,NA,NA,NA,NA,NA,NA,NA,NA,NA,NA
1,Bu,2614,8.7,NA,NA,8.6,NA,NA,9.0,7,NA,NA,NA,NA,NA,NA,NA,NA,NA,NA,NA,NA,NA,NA,NA,NA
1,Bu,2615,18.0,NA,NA,19.0,2,NA,NA,NA,NA,NA,NA,NA,NA,NA,NA,NA,NA,NA,NA,NA,NA,NA,NA,NA
1,Bu,2616,15.4,NA,NA,15.9,NA,NA,17.2,NA,21.1,19.7,1,NA,NA,NA,NA,NA,NA,NA,NA,NA,NA,NA,NA,NA
1,Bu,2701,22.9,NA,NA,24.8,NA,NA,28.3,NA,NA,31.4,NA,NA,34.0,NA,NA,36.1,NA,NA,37.5,NA,NA,38.5,NA,NA
1,Bu,2702,17.4,NA,NA,19.2,NA,NA,21.5,NA,NA,24.0,NA,NA,26.2,2,NA,NA,NA,NA,NA,NA,NA,NA,NA,NA
1,Bu,2703,12.5,NA,NA,12.5,NA,NA,12.7,1,NA,NA,NA,NA,NA,NA,NA,NA,NA,NA,NA,NA,NA,NA,NA,NA
1,Bu,2704,16.4,NA,NA,16.9,2,NA,NA,NA,NA,NA,NA,NA,NA,NA,NA,NA,NA,NA,NA,NA,NA,NA,NA,NA
1,Bu,2705,14.0,NA,NA,14.0,NA,NA,16.6,NA,NA,18.0,NA,NA,18.7,7,NA,NA,NA,NA,NA,NA,NA,NA,NA,NA
1,Bu,2706,22.6,NA,NA,26.2,2,21.7,NA,NA,NA,NA,NA,NA,NA,NA,NA,NA,NA,NA,NA,NA,NA,NA,NA,NA
1,Bu,2707,11.4,NA,NA,11.6,NA,NA,12.9,NA,NA,13.0,7,NA,NA,NA,NA,NA,NA,NA,NA,NA,NA,NA,NA,NA
1,Bu,2708,14.4,NA,NA,14.0,1,NA,NA,NA,NA,NA,NA,NA,NA,NA,NA,NA,NA,NA,NA,NA,NA,NA,NA,NA
1,Bu,2709,20.0,NA,NA,22.8,NA,NA,27.2,NA,NA,31.8,NA,NA,35.2,NA,NA,39.3,3,NA,NA,NA,NA,NA,NA,NA
1,Bu,2710,17.6,NA,NA,19.0,NA,NA,22.3,NA,NA,25.0,NA,NA,26.7,NA,NA,26.8,NA,NA,27.9,NA,NA,28.8,NA,NA
1,Bu,2711,18.6,NA,NA,20.0,2,20.0,NA,NA,NA,NA,NA,NA,NA,NA,NA,NA,NA,NA,NA,NA,NA,NA,NA,NA
1,Bu,2712,14.8,NA,NA,15.6,NA,NA,17.8,NA,NA,19.0,7,NA,NA,NA,NA,NA,NA,NA,NA,NA,NA,NA,NA,NA
1,Bu,2713,6.4,2,NA,NA,NA,NA,NA,NA,NA,NA,NA,NA,NA,NA,NA,NA,NA,NA,NA,NA,NA,NA,NA,NA
1,Bu,2714,16.6,NA,NA,18.2,NA,NA,19.8,NA,NA,21.6,7,NA,NA,NA,NA,NA,NA,NA,NA,NA,NA,NA,NA,NA
1,Bu,2715,18.0,NA,NA,19.2,NA,NA,20.2,NA,NA,20.4,7,NA,NA,NA,NA,NA,NA,NA,NA,NA,NA,NA,NA,NA
1,Bu,2716,13.0,NA,NA,12.8,NA,NA,13.5,1,NA,NA,NA,NA,NA,NA,NA,NA,NA,NA,NA,NA,NA,NA,NA,NA
1,Bu,2801,22.0,NA,NA,24.0,2,NA,NA,NA,NA,NA,NA,NA,NA,NA,NA,NA,NA,NA,NA,NA,NA,NA,NA,NA
1,Bu,2802,11.0,NA,NA,11.0,1,NA,NA,NA,NA,NA,NA,NA,NA,NA,NA,NA,NA,NA,NA,NA,NA,NA,NA,NA
1,Bu,2803,17.4,NA,NA,19.6,NA,NA,22.3,NA,NA,25.9,NA,NA,29.0,NA,NA,30.5,NA,NA,32.2,NA,NA,33.9,NA,NA
1,Bu,2804,11.4,NA,NA,11.0,1,NA,NA,NA,NA,NA,NA,NA,NA,NA,NA,NA,NA,NA,NA,NA,NA,NA,NA,NA
1,Bu,2805,15.0,NA,NA,15.4,2,NA,NA,NA,NA,NA,NA,NA,NA,NA,NA,NA,NA,NA,NA,NA,NA,NA,NA,NA
1,Bu,2806,8.6,NA,NA,8.6,2,NA,NA,NA,NA,NA,NA,NA,NA,NA,NA,NA,NA,NA,NA,NA,NA,NA,NA,NA
1,Bu,2807,14.1,NA,NA,15.6,NA,NA,18.4,NA,NA,21.2,NA,NA,24.2,NA,27.0,25.9,NA,NA,27.5,NA,NA,30.3,NA,NA
1,Bu,2808,16.5,NA,NA,18.2,NA,NA,21.0,NA,NA,23.0,NA,NA,25.4,NA,27.0,26.9,NA,NA,28.5,2,NA,NA,NA,NA
1,Bu,2809,8.7,NA,NA,8.6,2,NA,NA,NA,NA,NA,NA,NA,NA,NA,NA,NA,NA,NA,NA,NA,NA,NA,NA,NA
1,Bu,2810,23.0,NA,NA,25.8,NA,NA,30.5,NA,NA,34.2,NA,NA,38.0,NA,NA,40.0,3,NA,NA,NA,NA,NA,NA,NA
1,Bu,2811,10.1,NA,NA,10.1,NA,NA,10.8,1,NA,NA,NA,NA,NA,NA,NA,NA,NA,NA,NA,NA,NA,NA,NA,NA
1,Bu,2812,18.0,NA,NA,19.6,NA,NA,22.4,NA,NA,24.6,NA,NA,26.4,7,NA,NA,NA,NA,NA,NA,NA,NA,NA,NA
1,Bu,2813,23.6,NA,NA,25.6,NA,NA,28.6,NA,NA,31.7,NA,NA,35.2,NA,NA,36.1,NA,NA,39.2,NA,26.8,42.4,NA,NA
1,Bu,2901,7.8,2,NA,NA,NA,NA,NA,NA,NA,NA,NA,NA,NA,NA,NA,NA,NA,NA,NA,NA,NA,NA,NA,NA
1,Bu,2902,13.8,NA,NA,13.7,NA,NA,14.2,2,NA,NA,NA,NA,NA,NA,NA,NA,NA,NA,NA,NA,NA,NA,NA,NA
1,Bu,2903,18.5,NA,NA,20.6,NA,NA,23.1,NA,NA,25.6,1,NA,NA,NA,NA,NA,NA,NA,NA,NA,NA,NA,NA,NA
1,Bu,2904,23.9,NA,NA,25.1,NA,NA,27.7,NA,NA,30.0,NA,NA,33.2,NA,NA,35.4,NA,NA,37.7,NA,29.5,39.8,NA,NA
1,Bu,2905,10.9,NA,NA,15.6,2,NA,NA,NA,NA,NA,NA,NA,NA,NA,NA,NA,NA,NA,NA,NA,NA,NA,NA,NA
1,Bu,2906,12.6,NA,NA,12.6,2,NA,NA,NA,NA,NA,NA,NA,NA,NA,NA,NA,NA,NA,NA,NA,NA,NA,NA,NA
1,Bu,2907,15.3,NA,NA,15.6,NA,NA,18.2,1,NA,NA,NA,NA,NA,NA,NA,NA,NA,NA,NA,NA,NA,NA,NA,NA
1,Bu,2908,11.9,NA,NA,11.8,2,NA,NA,NA,NA,NA,NA,NA,NA,NA,NA,NA,NA,NA,NA,NA,NA,NA,NA,NA
1,Bu,2909,9.2,NA,NA,9.2,2,NA,NA,NA,NA,NA,NA,NA,NA,NA,NA,NA,NA,NA,NA,NA,NA,NA,NA,NA
1,Bu,2910,20.0,NA,NA,22.3,NA,NA,26.0,NA,NA,28.4,NA,NA,30.4,NA,NA,31.8,NA,NA,33.1,NA,NA,34.5,NA,NA
1,Bu,2911,12.4,NA,NA,12.9,2,NA,NA,NA,NA,NA,NA,NA,NA,NA,NA,NA,NA,NA,NA,NA,NA,NA,NA,NA
1,Bu,2912,17.8,NA,NA,19.0,NA,NA,20.9,NA,NA,21.6,NA,NA,21.9,7,NA,NA,NA,NA,NA,NA,NA,NA,NA,NA
1,Bu,2913,14.0,NA,NA,14.9,NA,NA,16.2,NA,NA,16.2,7,NA,NA,NA,NA,NA,NA,NA,NA,NA,NA,NA,NA,NA
1,Bu,2914,11.5,NA,NA,11.1,2,NA,NA,NA,NA,NA,NA,NA,NA,NA,NA,NA,NA,NA,NA,NA,NA,NA,NA,NA
1,Bu,2915,10.8,NA,NA,10.7,2,NA,NA,NA,NA,NA,NA,NA,NA,NA,NA,NA,NA,NA,NA,NA,NA,NA,NA,NA
1,Bu,2916,12.0,NA,NA,12.2,NA,NA,12.3,1,NA,NA,NA,NA,NA,NA,NA,NA,NA,NA,NA,NA,NA,NA,NA,NA
1,Bu,2917,13.2,NA,NA,13.3,NA,NA,13.8,1,NA,NA,NA,NA,NA,NA,NA,NA,NA,NA,NA,NA,NA,NA,NA,NA
1,Bu,2918,7.5,NA,NA,7.4,1,NA,NA,NA,NA,NA,NA,NA,NA,NA,NA,NA,NA,NA,NA,NA,NA,NA,NA,NA
1,Bu,2919,24.2,NA,NA,27.0,NA,NA,31.2,NA,NA,34.4,NA,NA,38.0,NA,NA,39.6,NA,NA,42.0,NA,31.6,43.5,NA,NA
1,Bu,2920,13.2,NA,NA,13.2,NA,NA,13.2,1,NA,NA,NA,NA,NA,NA,NA,NA,NA,NA,NA,NA,NA,NA,NA,NA
1,Bu,3501,16.7,NA,NA,18.4,NA,NA,20.6,NA,NA,23.4,NA,NA,26.5,NA,NA,28.6,3,29.0,NA,NA,NA,NA,NA,NA
1,Bu,3502,18.6,NA,NA,19.6,NA,NA,21.5,NA,NA,23.2,NA,NA,25.0,2,NA,NA,NA,NA,NA,NA,NA,NA,NA,NA
1,Bu,3503,8.0,2,NA,NA,NA,NA,NA,NA,NA,NA,NA,NA,NA,NA,NA,NA,NA,NA,NA,NA,NA,NA,NA,NA
1,Bu,3504,17.4,NA,NA,19.0,NA,NA,22.4,NA,NA,26.1,NA,NA,30.2,NA,NA,33.2,NA,30.3,37.0,NA,NA,40.4,NA,NA
1,Bu,3505,7.0,2,NA,NA,NA,NA,NA,NA,NA,NA,NA,NA,NA,NA,NA,NA,NA,NA,NA,NA,NA,NA,NA,NA
1,Bu,3506,10.2,NA,NA,9.9,NA,NA,10.0,1,NA,NA,NA,NA,NA,NA,NA,NA,NA,NA,NA,NA,NA,NA,NA,NA
1,Bu,3507,22.7,NA,NA,26.4,NA,NA,30.8,NA,NA,36.8,NA,NA,42.4,NA,NA,46.9,NA,30.5,50.7,NA,NA,53.9,NA,NA
1,Bu,3508,9.8,2,NA,NA,NA,NA,NA,NA,NA,NA,NA,NA,NA,NA,NA,NA,NA,NA,NA,NA,NA,NA,NA,NA
1,Bu,3509,10.8,NA,NA,11.0,2,14.7,NA,NA,NA,NA,NA,NA,NA,NA,NA,NA,NA,NA,NA,NA,NA,NA,NA,NA
1,Bu,3510,12.5,NA,NA,12.7,NA,NA,13.2,NA,NA,13.2,5,18.4,NA,NA,NA,NA,NA,NA,NA,NA,NA,NA,NA,NA
1,Bu,3511,7.7,2,NA,NA,NA,NA,NA,NA,NA,NA,NA,NA,NA,NA,NA,NA,NA,NA,NA,NA,NA,NA,NA,NA
1,Bu,3512,9.0,2,NA,NA,NA,NA,NA,NA,NA,NA,NA,NA,NA,NA,NA,NA,NA,NA,NA,NA,NA,NA,NA,NA
1,Bu,3513,16.4,NA,NA,17.5,NA,NA,20.3,NA,NA,21.9,NA,NA,23.4,NA,NA,24.3,NA,NA,25.2,NA,NA,26.2,NA,NA
1,Bu,3514,10.6,NA,NA,10.8,NA,NA,11.8,NA,NA,11.8,7,NA,NA,NA,NA,NA,NA,NA,NA,NA,NA,NA,NA,NA
1,Bu,3515,18.0,NA,NA,19.3,NA,NA,21.9,NA,NA,24.8,NA,NA,28.2,NA,NA,29.7,NA,NA,31.4,2,NA,NA,NA,NA
1,Bu,3516,19.8,NA,NA,21.2,2,19.5,NA,NA,NA,NA,NA,NA,NA,NA,NA,NA,NA,NA,NA,NA,NA,NA,NA,NA
1,Bu,3517,13.8,NA,NA,14.8,NA,NA,17.9,NA,NA,20.7,NA,NA,22.9,NA,25.5,25.0,NA,NA,26.4,NA,NA,29.1,NA,30.2
1,Bu,3518,11.3,NA,NA,11.6,2,NA,NA,NA,NA,NA,NA,NA,NA,NA,NA,NA,NA,NA,NA,NA,NA,NA,NA,NA
1,Bu,3519,8.4,NA,NA,8.2,1,NA,NA,NA,NA,NA,NA,NA,NA,NA,NA,NA,NA,NA,NA,NA,NA,NA,NA,NA
1,Bu,3520,15.4,NA,NA,17.0,NA,NA,19.4,NA,NA,21.2,NA,NA,23.0,7,NA,NA,NA,NA,NA,NA,NA,NA,NA,NA
1,Bu,3521,11.2,NA,NA,11.2,NA,NA,12.0,1,NA,NA,NA,NA,NA,NA,NA,NA,NA,NA,NA,NA,NA,NA,NA,NA
1,Bu,3522,15.2,NA,NA,16.8,2,19.9,NA,NA,NA,NA,NA,NA,NA,NA,NA,NA,NA,NA,NA,NA,NA,NA,NA,NA
1,Bu,3601,15.9,NA,NA,17.6,NA,NA,20.4,NA,NA,23.4,NA,NA,25.3,NA,NA,26.1,3,NA,NA,NA,NA,NA,NA,NA
1,Bu,3602,14.0,NA,NA,15.4,2,18.5,NA,NA,NA,NA,NA,NA,NA,NA,NA,NA,NA,NA,NA,NA,NA,NA,NA,NA
1,Bu,3603,14.7,NA,NA,15.9,NA,NA,19.2,NA,NA,21.8,NA,NA,23.8,NA,NA,26.2,NA,27.5,27.2,2,NA,NA,NA,NA
1,Bu,3604,7.6,2,NA,NA,NA,NA,NA,NA,NA,NA,NA,NA,NA,NA,NA,NA,NA,NA,NA,NA,NA,NA,NA,NA
1,Bu,3605,15.7,NA,NA,16.6,2,19.0,NA,NA,NA,NA,NA,NA,NA,NA,NA,NA,NA,NA,NA,NA,NA,NA,NA,NA
1,Bu,3606,15.7,NA,NA,15.9,2,17.7,NA,NA,NA,NA,NA,NA,NA,NA,NA,NA,NA,NA,NA,NA,NA,NA,NA,NA
1,Bu,3607,14.0,NA,NA,15.2,NA,NA,16.8,NA,NA,18.4,7,NA,NA,NA,NA,NA,NA,NA,NA,NA,NA,NA,NA,NA
1,Bu,3608,10.7,NA,NA,11.0,NA,NA,11.7,1,NA,NA,NA,NA,NA,NA,NA,NA,NA,NA,NA,NA,NA,NA,NA,NA
1,Bu,3609,21.0,NA,NA,23.5,2,19.2,NA,NA,NA,NA,NA,NA,NA,NA,NA,NA,NA,NA,NA,NA,NA,NA,NA,NA
1,Bu,3610,7.8,2,NA,NA,NA,NA,NA,NA,NA,NA,NA,NA,NA,NA,NA,NA,NA,NA,NA,NA,NA,NA,NA,NA
1,Bu,3611,9.4,NA,NA,9.0,NA,NA,9.7,1,NA,NA,NA,NA,NA,NA,NA,NA,NA,NA,NA,NA,NA,NA,NA,NA
1,Bu,3612,8.6,2,NA,NA,NA,NA,NA,NA,NA,NA,NA,NA,NA,NA,NA,NA,NA,NA,NA,NA,NA,NA,NA,NA
1,Bu,3613,9.2,NA,NA,9.2,NA,NA,10.3,1,NA,NA,NA,NA,NA,NA,NA,NA,NA,NA,NA,NA,NA,NA,NA,NA
1,Bu,3614,11.2,NA,NA,12.0,NA,NA,13.2,NA,NA,13.4,7,NA,NA,NA,NA,NA,NA,NA,NA,NA,NA,NA,NA,NA
1,Bu,3615,14.4,NA,NA,15.2,NA,NA,17.9,NA,NA,20.0,NA,NA,22.2,NA,NA,23.8,3,NA,NA,NA,NA,NA,NA,NA
1,Bu,3616,16.2,NA,NA,17.9,NA,NA,21.2,NA,NA,23.8,NA,NA,26.3,NA,NA,27.3,NA,NA,28.8,2,NA,NA,NA,NA
1,Bu,3617,8.6,NA,NA,8.6,NA,NA,9.0,5,NA,NA,NA,NA,NA,NA,NA,NA,NA,NA,NA,NA,NA,NA,NA,NA
1,Bu,3618,13.3,NA,NA,15.0,NA,NA,18.1,NA,NA,21.8,NA,NA,25.6,NA,NA,28.3,NA,29.5,30.8,NA,NA,33.4,NA,31.4
1,Bu,3619,7.4,NA,NA,7.2,1,NA,NA,NA,NA,NA,NA,NA,NA,NA,NA,NA,NA,NA,NA,NA,NA,NA,NA,NA
1,Bu,3620,12.4,NA,NA,13.4,2,19.0,NA,NA,NA,NA,NA,NA,NA,NA,NA,NA,NA,NA,NA,NA,NA,NA,NA,NA
1,Bu,3621,11.2,NA,NA,12.2,NA,NA,14.0,NA,NA,15.7,7,NA,NA,NA,NA,NA,NA,NA,NA,NA,NA,NA,NA,NA
1,Bu,3622,10.2,NA,NA,10.0,NA,NA,10.4,1,NA,NA,NA,NA,NA,NA,NA,NA,NA,NA,NA,NA,NA,NA,NA,NA
1,Bu,3623,7.2,NA,NA,7.0,NA,NA,7.0,5,NA,NA,NA,NA,NA,NA,NA,NA,NA,NA,NA,NA,NA,NA,NA,NA
1,Bu,3624,8.1,NA,NA,8.1,2,NA,NA,NA,NA,NA,NA,NA,NA,NA,NA,NA,NA,NA,NA,NA,NA,NA,NA,NA
1,Bu,3625,11.8,NA,NA,12.3,NA,NA,13.3,NA,NA,13.3,7,NA,NA,NA,NA,NA,NA,NA,NA,NA,NA,NA,NA,NA
1,Bu,3626,8.0,NA,NA,8.0,NA,NA,8.4,1,NA,NA,NA,NA,NA,NA,NA,NA,NA,NA,NA,NA,NA,NA,NA,NA
1,Bu,3701,11.7,NA,NA,11.8,NA,NA,12.4,NA,NA,12.4,7,NA,NA,NA,NA,NA,NA,NA,NA,NA,NA,NA,NA,NA
1,Bu,3702,9.0,NA,NA,8.8,NA,NA,9.8,1,NA,NA,NA,NA,NA,NA,NA,NA,NA,NA,NA,NA,NA,NA,NA,NA
1,Bu,3703,13.5,NA,NA,13.4,NA,NA,14.4,NA,NA,14.4,7,NA,NA,NA,NA,NA,NA,NA,NA,NA,NA,NA,NA,NA
1,Bu,3704,9.9,2,NA,NA,NA,NA,NA,NA,NA,NA,NA,NA,NA,NA,NA,NA,NA,NA,NA,NA,NA,NA,NA,NA
1,Bu,3705,13.6,NA,NA,13.8,NA,NA,14.7,NA,NA,14.8,7,NA,NA,NA,NA,NA,NA,NA,NA,NA,NA,NA,NA,NA
1,Bu,3706,15.3,NA,NA,17.4,2,19.3,NA,NA,NA,NA,NA,NA,NA,NA,NA,NA,NA,NA,NA,NA,NA,NA,NA,NA
1,Bu,3707,6.9,2,NA,NA,NA,NA,NA,NA,NA,NA,NA,NA,NA,NA,NA,NA,NA,NA,NA,NA,NA,NA,NA,NA
1,Bu,3708,14.5,NA,NA,15.2,NA,NA,20.0,NA,NA,24.0,NA,NA,28.3,NA,NA,30.9,NA,NA,33.6,NA,NA,36.1,NA,NA
1,Bu,3709,9.0,NA,NA,9.2,NA,NA,9.3,1,NA,NA,NA,NA,NA,NA,NA,NA,NA,NA,NA,NA,NA,NA,NA,NA
1,Bu,3710,13.3,NA,NA,13.0,2,NA,NA,NA,NA,NA,NA,NA,NA,NA,NA,NA,NA,NA,NA,NA,NA,NA,NA,NA
1,Bu,3711,11.6,NA,NA,11.4,NA,NA,11.8,1,15.8,NA,NA,NA,NA,NA,NA,NA,NA,NA,NA,NA,NA,NA,NA,NA
1,Bu,3712,5.4,NA,NA,5.4,2,NA,NA,NA,NA,NA,NA,NA,NA,NA,NA,NA,NA,NA,NA,NA,NA,NA,NA,NA
1,Bu,3713,21.9,NA,NA,24.2,NA,NA,28.8,NA,NA,34.6,NA,NA,39.3,NA,NA,42.5,NA,NA,45.3,NA,30.4,47.7,NA,NA
1,Bu,3714,12.7,NA,NA,12.6,NA,NA,13.4,1,NA,NA,NA,NA,NA,NA,NA,NA,NA,NA,NA,NA,NA,NA,NA,NA
1,Bu,3715,8.0,NA,NA,7.7,NA,NA,8.4,1,NA,NA,NA,NA,NA,NA,NA,NA,NA,NA,NA,NA,NA,NA,NA,NA
1,Bu,3716,14.4,NA,NA,14.2,NA,NA,15.5,NA,NA,15.5,7,NA,NA,NA,NA,NA,NA,NA,NA,NA,NA,NA,NA,NA
1,Bu,3717,24.4,NA,NA,27.6,1,NA,NA,NA,NA,NA,NA,NA,NA,NA,NA,NA,NA,NA,NA,NA,NA,NA,NA,NA
1,Bu,3718,10.0,NA,NA,10.2,NA,NA,10.6,1,14.4,NA,NA,NA,NA,NA,NA,NA,NA,NA,NA,NA,NA,NA,NA,NA
1,Bu,3719,7.7,2,NA,NA,NA,NA,NA,NA,NA,NA,NA,NA,NA,NA,NA,NA,NA,NA,NA,NA,NA,NA,NA,NA
1,Bu,3720,11.2,NA,NA,11.1,NA,NA,12.4,1,NA,NA,NA,NA,NA,NA,NA,NA,NA,NA,NA,NA,NA,NA,NA,NA
1,Bu,3801,19.2,NA,NA,20.0,2,18.9,NA,NA,NA,NA,NA,NA,NA,NA,NA,NA,NA,NA,NA,NA,NA,NA,NA,NA
1,Bu,3802,12.8,NA,NA,13.8,NA,NA,16.2,NA,NA,18.1,7,NA,NA,NA,NA,NA,NA,NA,NA,NA,NA,NA,NA,NA
1,Bu,3803,8.6,NA,NA,8.7,2,NA,NA,NA,NA,NA,NA,NA,NA,NA,NA,NA,NA,NA,NA,NA,NA,NA,NA,NA
1,Bu,3804,14.4,NA,NA,14.7,NA,NA,15.3,1,NA,NA,NA,NA,NA,NA,NA,NA,NA,NA,NA,NA,NA,NA,NA,NA
1,Bu,3805,19.8,NA,NA,22.1,NA,NA,26.6,NA,NA,31.2,NA,24.5,35.1,NA,28.0,37.4,NA,NA,39.3,NA,NA,40.9,NA,NA
1,Bu,3806,15.0,NA,NA,15.6,2,19.1,NA,NA,NA,NA,NA,NA,NA,NA,NA,NA,NA,NA,NA,NA,NA,NA,NA,NA
1,Bu,3807,9.8,NA,NA,9.8,2,NA,NA,NA,NA,NA,NA,NA,NA,NA,NA,NA,NA,NA,NA,NA,NA,NA,NA,NA
1,Bu,3808,9.2,NA,NA,9.0,1,NA,NA,NA,NA,NA,NA,NA,NA,NA,NA,NA,NA,NA,NA,NA,NA,NA,NA,NA
1,Bu,3809,20.5,NA,NA,22.8,NA,NA,27.8,NA,NA,33.2,NA,NA,38.0,NA,NA,41.2,NA,NA,43.7,NA,NA,45.5,NA,NA
1,Bu,3810,13.8,NA,NA,13.6,NA,NA,15.0,NA,NA,15.0,7,20.5,NA,NA,NA,NA,NA,NA,NA,NA,NA,NA,NA,NA
1,Bu,3811,7.0,NA,NA,7.2,2,NA,NA,NA,NA,NA,NA,NA,NA,NA,NA,NA,NA,NA,NA,NA,NA,NA,NA,NA
1,Bu,3812,20.0,NA,NA,22.0,NA,NA,25.2,NA,NA,27.3,NA,NA,30.0,NA,NA,31.4,NA,NA,33.1,2,NA,NA,NA,NA
1,Bu,3813,13.3,NA,NA,13.6,2,NA,NA,NA,NA,NA,NA,NA,NA,NA,NA,NA,NA,NA,NA,NA,NA,NA,NA,NA
1,Bu,3814,9.4,2,NA,NA,NA,NA,NA,NA,NA,NA,NA,NA,NA,NA,NA,NA,NA,NA,NA,NA,NA,NA,NA,NA
1,Bu,3815,15.0,NA,NA,15.2,NA,NA,15.3,7,NA,NA,NA,NA,NA,NA,NA,NA,NA,NA,NA,NA,NA,NA,NA,NA
1,Bu,3816,17.7,NA,NA,19.6,NA,NA,20.2,NA,NA,21.4,NA,NA,21.5,7,NA,NA,NA,NA,NA,NA,NA,NA,NA,NA
1,Bu,3817,11.2,NA,NA,11.4,NA,NA,11.2,5,NA,NA,NA,NA,NA,NA,NA,NA,NA,NA,NA,NA,NA,NA,NA,NA
1,Bu,3818,22.1,NA,NA,25.4,NA,NA,30.6,NA,NA,35.4,NA,NA,40.0,NA,NA,44.0,NA,NA,47.5,NA,15.9,50.0,NA,NA
1,Bu,3819,8.8,NA,NA,8.8,NA,NA,8.9,5,NA,NA,NA,NA,NA,NA,NA,NA,NA,NA,NA,NA,NA,NA,NA,NA
1,Bu,3901,14.4,NA,NA,16.6,NA,NA,19.1,NA,NA,21.2,NA,NA,23.1,7,NA,NA,NA,NA,NA,NA,NA,NA,NA,NA
1,Bu,3902,7.4,NA,NA,7.4,1,NA,NA,NA,NA,NA,NA,NA,NA,NA,NA,NA,NA,NA,NA,NA,NA,NA,NA,NA
1,Bu,3903,14.6,NA,NA,15.6,2,NA,NA,NA,NA,NA,NA,NA,NA,NA,NA,NA,NA,NA,NA,NA,NA,NA,NA,NA
1,Bu,3904,23.5,NA,NA,26.6,NA,NA,30.8,NA,NA,34.2,NA,NA,38.3,NA,NA,41.7,NA,NA,44.5,NA,NA,46.2,NA,NA
1,Bu,3905,9.3,NA,NA,9.0,NA,NA,10.3,7,NA,NA,NA,NA,NA,NA,NA,NA,NA,NA,NA,NA,NA,NA,NA,NA
1,Bu,3906,20.8,NA,NA,23.6,NA,NA,28.5,NA,NA,31.0,1,NA,NA,NA,NA,NA,NA,NA,NA,NA,NA,NA,NA,NA
1,Bu,3907,7.8,NA,NA,7.6,NA,NA,8.0,7,NA,NA,NA,NA,NA,NA,NA,NA,NA,NA,NA,NA,NA,NA,NA,NA
1,Bu,3908,9.0,NA,NA,8.9,2,NA,NA,NA,NA,NA,NA,NA,NA,NA,NA,NA,NA,NA,NA,NA,NA,NA,NA,NA
1,Bu,3909,9.8,NA,NA,9.6,NA,NA,9.8,7,NA,NA,NA,NA,NA,NA,NA,NA,NA,NA,NA,NA,NA,NA,NA,NA
1,Bu,3910,11.8,NA,NA,12.3,2,NA,NA,NA,NA,NA,NA,NA,NA,NA,NA,NA,NA,NA,NA,NA,NA,NA,NA,NA
1,Bu,3911,6.4,NA,NA,6.5,1,NA,NA,NA,NA,NA,NA,NA,NA,NA,NA,NA,NA,NA,NA,NA,NA,NA,NA,NA
1,Bu,3912,11.1,NA,NA,11.0,NA,NA,11.3,2,NA,NA,NA,NA,NA,NA,NA,NA,NA,NA,NA,NA,NA,NA,NA,NA
1,Bu,3913,6.9,NA,NA,6.7,1,NA,NA,NA,NA,NA,NA,NA,NA,NA,NA,NA,NA,NA,NA,NA,NA,NA,NA,NA
1,Bu,3914,11.9,NA,NA,11.6,NA,NA,12.0,1,NA,NA,NA,NA,NA,NA,NA,NA,NA,NA,NA,NA,NA,NA,NA,NA
1,Bu,3915,16.6,NA,NA,18.0,NA,NA,20.1,NA,NA,21.1,NA,NA,22.6,7,NA,NA,NA,NA,NA,NA,NA,NA,NA,NA
1,Bu,3916,16.8,NA,NA,17.5,NA,NA,19.0,NA,NA,19.9,7,NA,NA,NA,NA,NA,NA,NA,NA,NA,NA,NA,NA,NA
1,Bu,3917,8.6,NA,NA,8.4,1,NA,NA,NA,NA,NA,NA,NA,NA,NA,NA,NA,NA,NA,NA,NA,NA,NA,NA,NA
1,Bu,4501,8.4,2,NA,NA,NA,NA,NA,NA,NA,NA,NA,NA,NA,NA,NA,NA,NA,NA,NA,NA,NA,NA,NA,NA
1,Bu,4502,17.8,NA,NA,19.8,NA,NA,22.7,NA,NA,25.5,NA,NA,27.8,NA,27.0,28.9,NA,NA,30.1,NA,NA,30.8,NA,NA
1,Bu,4503,12.2,NA,NA,13.0,NA,NA,13.5,NA,NA,13.5,7,NA,NA,NA,NA,NA,NA,NA,NA,NA,NA,NA,NA,NA
1,Bu,4504,11.4,NA,NA,10.4,NA,NA,10.6,1,NA,NA,NA,NA,NA,NA,NA,NA,NA,NA,NA,NA,NA,NA,NA,NA
1,Bu,4505,16.1,NA,NA,15.9,2,17.6,NA,NA,NA,NA,NA,NA,NA,NA,NA,NA,NA,NA,NA,NA,NA,NA,NA,NA
1,Bu,4506,8.9,NA,NA,8.8,1,NA,NA,NA,NA,NA,NA,NA,NA,NA,NA,NA,NA,NA,NA,NA,NA,NA,NA,NA
1,Bu,4507,11.0,NA,NA,10.8,2,16.8,NA,NA,NA,NA,NA,NA,NA,NA,NA,NA,NA,NA,NA,NA,NA,NA,NA,NA
1,Bu,4508,9.5,2,NA,NA,NA,NA,NA,NA,NA,NA,NA,NA,NA,NA,NA,NA,NA,NA,NA,NA,NA,NA,NA,NA
1,Bu,4509,10.0,NA,NA,9.7,NA,NA,10.0,5,NA,NA,NA,NA,NA,NA,NA,NA,NA,NA,NA,NA,NA,NA,NA,NA
1,Bu,4510,23.8,NA,NA,26.4,NA,NA,30.6,NA,NA,35.8,NA,NA,40.7,NA,NA,44.3,NA,NA,47.6,NA,NA,50.9,NA,NA
1,Bu,4511,21.9,NA,NA,23.4,NA,NA,26.9,NA,NA,29.8,NA,NA,31.8,NA,NA,33.5,3,NA,NA,NA,NA,NA,NA,NA
1,Bu,4512,9.5,2,NA,NA,NA,NA,NA,NA,NA,NA,NA,NA,NA,NA,NA,NA,NA,NA,NA,NA,NA,NA,NA,NA
1,Bu,4513,9.2,2,NA,NA,NA,NA,NA,NA,NA,NA,NA,NA,NA,NA,NA,NA,NA,NA,NA,NA,NA,NA,NA,NA
1,Bu,4514,16.8,NA,NA,19.0,NA,NA,22.0,NA,NA,24.4,NA,NA,26.8,NA,NA,27.8,NA,NA,29.2,NA,NA,30.3,NA,NA
1,Bu,4515,15.3,2,NA,NA,NA,NA,NA,NA,NA,NA,NA,NA,NA,NA,NA,NA,NA,NA,NA,NA,NA,NA,NA,NA
1,Bu,4516,17.4,NA,NA,19.7,NA,NA,22.6,NA,NA,25.8,NA,NA,29.4,NA,NA,32.2,NA,NA,34.7,NA,NA,36.5,NA,NA
1,Bu,4517,6.8,2,NA,NA,NA,NA,NA,NA,NA,NA,NA,NA,NA,NA,NA,NA,NA,NA,NA,NA,NA,NA,NA,NA
1,Bu,4518,7.1,NA,NA,7.0,NA,NA,7.2,7,NA,NA,NA,NA,NA,NA,NA,NA,NA,NA,NA,NA,NA,NA,NA,NA
1,Bu,4519,16.9,NA,NA,18.2,NA,NA,20.4,NA,NA,22.0,7,23.5,NA,NA,NA,NA,NA,NA,NA,NA,NA,NA,NA,NA
1,Bu,4520,7.0,NA,NA,6.7,NA,NA,7.0,7,NA,NA,NA,NA,NA,NA,NA,NA,NA,NA,NA,NA,NA,NA,NA,NA
1,Bu,4521,21.2,NA,NA,23.3,NA,NA,27.9,NA,NA,31.7,NA,NA,36.0,NA,NA,38.4,NA,NA,40.9,NA,29.7,42.4,NA,NA
1,Bu,4522,12.0,NA,NA,12.0,NA,NA,12.2,1,NA,NA,NA,NA,NA,NA,NA,NA,NA,NA,NA,NA,NA,NA,NA,NA
1,Bu,4523,16.4,NA,NA,18.2,NA,NA,20.6,NA,NA,24.0,NA,NA,27.4,NA,NA,30.0,3,NA,NA,NA,NA,NA,NA,NA
1,Bu,4524,7.2,NA,NA,7.2,1,NA,NA,NA,NA,NA,NA,NA,NA,NA,NA,NA,NA,NA,NA,NA,NA,NA,NA,NA
1,Bu,4525,10.6,NA,NA,10.1,NA,NA,10.4,1,NA,NA,NA,NA,NA,NA,NA,NA,NA,NA,NA,NA,NA,NA,NA,NA
1,Bu,4526,18.1,NA,NA,20.0,NA,NA,23.6,NA,NA,27.1,NA,NA,30.7,NA,NA,32.2,NA,NA,34.2,NA,NA,36.3,NA,NA
1,Bu,4527,7.6,2,NA,NA,NA,NA,NA,NA,NA,NA,NA,NA,NA,NA,NA,NA,NA,NA,NA,NA,NA,NA,NA,NA
1,Bu,4528,18.8,NA,NA,20.6,2,21.8,NA,NA,NA,NA,NA,NA,NA,NA,NA,NA,NA,NA,NA,NA,NA,NA,NA,NA
1,Bu,4529,16.8,NA,NA,17.2,NA,NA,19.3,NA,NA,20.5,7,23.8,NA,NA,NA,NA,NA,NA,NA,NA,NA,NA,NA,NA
1,Bu,4530,15.4,NA,NA,16.0,NA,NA,18.0,NA,NA,19.1,NA,NA,20.0,7,NA,NA,NA,NA,NA,NA,NA,NA,NA,NA
1,Bu,4601,16.5,NA,NA,18.2,NA,NA,20.3,NA,NA,21.6,7,23.5,NA,NA,NA,NA,NA,NA,NA,NA,NA,NA,NA,NA
1,Bu,4602,15.7,NA,NA,17.8,NA,NA,22.6,NA,NA,27.0,NA,NA,30.9,NA,NA,33.3,NA,NA,35.4,NA,NA,37.5,NA,NA
1,Bu,4603,8.0,NA,NA,7.9,NA,NA,7.8,5,NA,NA,NA,NA,NA,NA,NA,NA,NA,NA,NA,NA,NA,NA,NA,NA
1,Bu,4604,16.2,NA,NA,17.4,NA,NA,19.8,NA,NA,21.0,NA,NA,22.4,NA,NA,23.1,NA,NA,24.4,2,NA,NA,NA,NA
1,Bu,4605,9.4,NA,NA,9.0,1,NA,NA,NA,NA,NA,NA,NA,NA,NA,NA,NA,NA,NA,NA,NA,NA,NA,NA,NA
1,Bu,4606,11.0,NA,NA,11.0,NA,NA,11.3,2,NA,NA,NA,NA,NA,NA,NA,NA,NA,NA,NA,NA,NA,NA,NA,NA
1,Bu,4607,8.1,NA,NA,8.0,1,NA,NA,NA,NA,NA,NA,NA,NA,NA,NA,NA,NA,NA,NA,NA,NA,NA,NA,NA
1,Bu,4608,22.6,NA,NA,24.0,2,20.3,NA,NA,NA,NA,NA,NA,NA,NA,NA,NA,NA,NA,NA,NA,NA,NA,NA,NA
1,Bu,4609,7.6,2,NA,NA,NA,NA,NA,NA,NA,NA,NA,NA,NA,NA,NA,NA,NA,NA,NA,NA,NA,NA,NA,NA
1,Bu,4610,10.1,NA,NA,10.0,NA,NA,10.8,5,NA,NA,NA,NA,NA,NA,NA,NA,NA,NA,NA,NA,NA,NA,NA,NA
1,Bu,4611,8.6,NA,NA,8.5,NA,NA,9.3,NA,NA,9.6,7,16.6,NA,NA,NA,NA,NA,NA,NA,NA,NA,NA,NA,NA
1,Bu,4612,6.6,2,NA,NA,NA,NA,NA,NA,NA,NA,NA,NA,NA,NA,NA,NA,NA,NA,NA,NA,NA,NA,NA,NA
1,Bu,4613,17.8,NA,NA,19.1,NA,NA,23.1,NA,NA,26.8,NA,NA,30.1,NA,NA,32.6,NA,NA,34.6,NA,NA,36.6,NA,NA
1,Bu,4614,7.8,2,NA,NA,NA,NA,NA,NA,NA,NA,NA,NA,NA,NA,NA,NA,NA,NA,NA,NA,NA,NA,NA,NA
1,Bu,4615,18.9,2,NA,NA,NA,NA,NA,NA,NA,NA,NA,NA,NA,NA,NA,NA,NA,NA,NA,NA,NA,NA,NA,NA
1,Bu,4616,8.8,2,NA,NA,NA,NA,NA,NA,NA,NA,NA,NA,NA,NA,NA,NA,NA,NA,NA,NA,NA,NA,NA,NA
1,Bu,4617,7.8,2,NA,NA,NA,NA,NA,NA,NA,NA,NA,NA,NA,NA,NA,NA,NA,NA,NA,NA,NA,NA,NA,NA
1,Bu,4618,9.9,2,NA,NA,NA,NA,NA,NA,NA,NA,NA,NA,NA,NA,NA,NA,NA,NA,NA,NA,NA,NA,NA,NA
1,Bu,4619,14.8,2,NA,NA,NA,NA,NA,NA,NA,NA,NA,NA,NA,NA,NA,NA,NA,NA,NA,NA,NA,NA,NA,NA
1,Bu,4620,7.7,2,NA,NA,NA,NA,NA,NA,NA,NA,NA,NA,NA,NA,NA,NA,NA,NA,NA,NA,NA,NA,NA,NA
1,Bu,4621,12.4,2,NA,NA,NA,NA,NA,NA,NA,NA,NA,NA,NA,NA,NA,NA,NA,NA,NA,NA,NA,NA,NA,NA
1,Bu,4622,13.4,NA,NA,15.0,NA,NA,17.6,NA,NA,19.8,NA,NA,21.6,7,NA,NA,NA,NA,NA,NA,NA,NA,NA,NA
1,Bu,4623,14.2,NA,NA,15.0,2,17.9,NA,NA,NA,NA,NA,NA,NA,NA,NA,NA,NA,NA,NA,NA,NA,NA,NA,NA
1,Bu,4624,14.0,NA,NA,14.3,NA,NA,16.2,NA,NA,17.5,7,NA,NA,NA,NA,NA,NA,NA,NA,NA,NA,NA,NA,NA
1,Bu,4625,13.4,NA,NA,14.2,NA,NA,15.2,NA,NA,16.5,7,NA,NA,NA,NA,NA,NA,NA,NA,NA,NA,NA,NA,NA
1,Bu,4626,17.4,NA,NA,18.2,NA,NA,20.3,NA,NA,21.9,NA,NA,23.7,NA,NA,25.7,NA,NA,27.3,NA,NA,29.6,NA,28.6
1,Bu,4627,9.4,NA,NA,9.4,1,NA,NA,NA,NA,NA,NA,NA,NA,NA,NA,NA,NA,NA,NA,NA,NA,NA,NA,NA
1,Bu,4701,9.6,NA,NA,9.4,NA,NA,9.6,5,NA,NA,NA,NA,NA,NA,NA,NA,NA,NA,NA,NA,NA,NA,NA,NA
1,Bu,4702,19.0,NA,NA,20.9,NA,NA,23.7,NA,NA,25.4,NA,NA,27.2,NA,NA,28.1,NA,NA,29.2,2,25.1,NA,NA,NA
1,Bu,4703,7.9,2,NA,NA,NA,NA,NA,NA,NA,NA,NA,NA,NA,NA,NA,NA,NA,NA,NA,NA,NA,NA,NA,NA
1,Bu,4704,18.2,NA,NA,21.0,NA,NA,24.2,NA,NA,28.2,NA,NA,32.5,NA,NA,35.6,3,NA,NA,NA,NA,NA,NA,NA
1,Bu,4705,8.4,2,NA,NA,NA,NA,NA,NA,NA,NA,NA,NA,NA,NA,NA,NA,NA,NA,NA,NA,NA,NA,NA,NA
1,Bu,4706,14.8,NA,NA,15.8,NA,NA,18.1,NA,NA,19.4,NA,NA,20.0,7,NA,NA,NA,NA,NA,NA,NA,NA,NA,NA
1,Bu,4707,17.7,NA,NA,18.2,2,18.4,NA,NA,NA,NA,NA,NA,NA,NA,NA,NA,NA,NA,NA,NA,NA,NA,NA,NA
1,Bu,4708,15.6,NA,NA,16.0,NA,NA,18.2,NA,NA,19.4,7,NA,NA,NA,NA,NA,NA,NA,NA,NA,NA,NA,NA,NA
1,Bu,4709,17.4,NA,NA,20.4,NA,NA,23.3,NA,NA,25.9,NA,NA,28.7,NA,NA,30.1,NA,NA,32.8,NA,NA,34.5,NA,NA
1,Bu,4710,13.0,NA,14.0,13.9,NA,NA,15.1,NA,15.1,15.7,7,NA,NA,NA,NA,NA,NA,NA,NA,NA,NA,NA,NA,NA
1,Bu,4711,19.6,2,NA,NA,NA,NA,NA,NA,NA,NA,NA,NA,NA,NA,NA,NA,NA,NA,NA,NA,NA,NA,NA,NA
1,Bu,4712,21.4,NA,NA,23.4,NA,NA,28.1,NA,NA,32.4,NA,NA,36.5,NA,NA,39.3,NA,NA,42.1,NA,NA,45.2,NA,33.5
1,Bu,4713,16.2,NA,NA,16.6,NA,NA,17.4,2,NA,NA,NA,NA,NA,NA,NA,NA,NA,NA,NA,NA,NA,NA,NA,NA
1,Bu,4714,9.4,2,NA,NA,NA,NA,NA,NA,NA,NA,NA,NA,NA,NA,NA,NA,NA,NA,NA,NA,NA,NA,NA,NA
1,Bu,4715,6.2,2,NA,NA,NA,NA,NA,NA,NA,NA,NA,NA,NA,NA,NA,NA,NA,NA,NA,NA,NA,NA,NA,NA
1,Bu,4801,25.8,NA,NA,29.8,2,22.0,NA,NA,NA,NA,NA,NA,NA,NA,NA,NA,NA,NA,NA,NA,NA,NA,NA,NA
1,Bu,4802,8.5,NA,NA,8.4,NA,NA,8.6,7,NA,NA,NA,NA,NA,NA,NA,NA,NA,NA,NA,NA,NA,NA,NA,NA
1,Bu,4803,16.2,NA,NA,16.6,NA,NA,18.3,NA,NA,19.3,NA,NA,19.9,7,24.5,NA,NA,NA,NA,NA,NA,NA,NA,NA
1,Bu,4804,17.8,NA,NA,19.4,NA,NA,21.9,NA,NA,25.6,NA,NA,27.6,NA,NA,28.8,3,NA,NA,NA,NA,NA,NA,NA
1,Bu,4805,13.8,NA,NA,13.9,NA,NA,14.2,5,14.2,NA,NA,NA,NA,NA,NA,NA,NA,NA,NA,NA,NA,NA,NA,NA
1,Bu,4806,16.9,NA,NA,17.6,NA,NA,19.3,NA,NA,20.8,NA,NA,21.6,7,NA,NA,NA,NA,NA,NA,NA,NA,NA,NA
1,Bu,4807,17.8,NA,NA,19.2,NA,NA,21.8,NA,NA,23.6,NA,NA,25.1,2,NA,NA,NA,NA,NA,NA,NA,NA,NA,NA
1,Bu,4808,28.3,NA,18.5,29.6,NA,NA,32.4,NA,NA,35.8,NA,28.5,39.0,NA,28.5,41.3,NA,NA,44.2,NA,31.8,45.5,NA,31.8
1,Bu,4809,13.6,2,NA,NA,NA,NA,NA,NA,NA,NA,NA,NA,NA,NA,NA,NA,NA,NA,NA,NA,NA,NA,NA,NA
1,Bu,4810,16.6,NA,NA,16.6,NA,NA,17.0,NA,NA,17.0,7,NA,NA,NA,NA,NA,NA,NA,NA,NA,NA,NA,NA,NA
1,Bu,4811,18.2,NA,16.0,18.4,NA,NA,18.1,NA,NA,18.4,7,NA,NA,NA,NA,NA,NA,NA,NA,NA,NA,NA,NA,NA
1,Bu,4812,23.3,NA,18.0,26.8,NA,NA,30.9,NA,NA,34.5,NA,27.5,38.6,NA,29.5,40.2,NA,NA,43.5,NA,30.2,45.9,NA,NA
1,Bu,4813,18.1,NA,NA,18.3,NA,NA,19.8,NA,NA,19.8,1,NA,NA,NA,NA,NA,NA,NA,NA,NA,NA,NA,NA,NA
1,Bu,4814,18.2,2,NA,NA,NA,NA,NA,NA,NA,NA,NA,NA,NA,NA,NA,NA,NA,NA,NA,NA,NA,NA,NA,NA
1,Bu,4815,19.4,NA,NA,20.8,2,19.2,NA,NA,NA,NA,NA,NA,NA,NA,NA,NA,NA,NA,NA,NA,NA,NA,NA,NA
1,Bu,4816,24.8,NA,18.5,28.6,NA,NA,33.7,NA,NA,38.2,NA,NA,42.4,NA,NA,45.0,NA,NA,47.8,NA,NA,49.4,NA,NA
1,Bu,4817,16.8,2,NA,NA,NA,NA,NA,NA,NA,NA,NA,NA,NA,NA,NA,NA,NA,NA,NA,NA,NA,NA,NA,NA
1,Bu,4818,16.2,NA,NA,17.3,NA,NA,19.7,NA,NA,21.3,NA,NA,21.9,7,NA,NA,NA,NA,NA,NA,NA,NA,NA,NA
1,Bu,4901,10.6,NA,NA,10.2,NA,NA,10.3,7,NA,NA,NA,NA,NA,NA,NA,NA,NA,NA,NA,NA,NA,NA,NA,NA
1,Bu,4902,12.2,NA,NA,11.9,NA,NA,12.2,7,NA,NA,NA,NA,NA,NA,NA,NA,NA,NA,NA,NA,NA,NA,NA,NA
1,Bu,4903,11.0,2,NA,NA,NA,NA,NA,NA,NA,NA,NA,NA,NA,NA,NA,NA,NA,NA,NA,NA,NA,NA,NA,NA
1,Bu,4904,27.2,NA,NA,29.6,NA,NA,33.9,NA,NA,37.5,NA,NA,41.1,NA,NA,42.2,3,NA,NA,NA,NA,NA,NA,NA
1,Bu,4905,12.8,NA,NA,12.8,NA,NA,12.7,7,NA,NA,NA,NA,NA,NA,NA,NA,NA,NA,NA,NA,NA,NA,NA,NA
1,Bu,4906,8.4,2,NA,NA,NA,NA,NA,NA,NA,NA,NA,NA,NA,NA,NA,NA,NA,NA,NA,NA,NA,NA,NA,NA
1,Bu,4907,16.2,NA,NA,17.2,NA,NA,18.7,NA,NA,19.0,7,NA,NA,NA,NA,NA,NA,NA,NA,NA,NA,NA,NA,NA
1,Bu,4908,13.8,2,NA,NA,NA,NA,NA,NA,NA,NA,NA,NA,NA,NA,NA,NA,NA,NA,NA,NA,NA,NA,NA,NA
1,Bu,4909,13.8,NA,NA,14.8,NA,NA,16.3,NA,NA,16.4,7,NA,NA,NA,NA,NA,NA,NA,NA,NA,NA,NA,NA,NA
1,Bu,4910,14.4,NA,NA,16.9,NA,NA,21.5,NA,NA,24.2,NA,NA,26.5,NA,NA,27.5,NA,NA,27.7,NA,NA,28.7,NA,NA
1,Bu,4911,6.4,NA,NA,6.3,NA,NA,6.3,5,NA,NA,NA,NA,NA,NA,NA,NA,NA,NA,NA,NA,NA,NA,NA,NA
1,Bu,4912,15.2,NA,NA,16.2,NA,NA,17.4,NA,NA,17.8,7,22.0,NA,NA,NA,NA,NA,NA,NA,NA,NA,NA,NA,NA
1,Bu,4913,15.1,NA,NA,16.6,NA,NA,20.1,NA,NA,21.8,NA,23.5,24.7,NA,NA,24.8,NA,NA,25.9,NA,NA,27.0,NA,NA
