Bestandeseinheit,Baumart,Baumnummer,D_1960,Aus_1960,H_1960,D_1967,Aus_1967,H_1967,D_1975,Aus_1975,H_1975,D_1985,Aus_1985,H_1985,D_1995,Aus_1995,H_1995,D_2002,Aus_2002,H_2002,D_2005,Aus_2005,H_2005,D_2009,Aus_2009,H_2009,D_2015,Aus_2015,H_2015
4,Hbu,1,9.5,NA,NA,13.1,NA,NA,18.2,NA,NA,20.1,NA,NA,20.4,NA,NA,21.5,NA,NA,20.6,4,NA,NA,NA,NA,NA,NA,NA
2,Es,2,21.6,NA,NA,24.3,NA,NA,29.5,NA,26.0,36.0,NA,29.1,41.6,NA,29.7,45.9,NA,30.5,47.2,NA,33.0,48.9,NA,NA,50.5,NA,NA
1,Bu,3,21.6,NA,NA,23.8,7,21.2,NA,NA,NA,NA,NA,NA,NA,NA,NA,NA,NA,NA,NA,NA,NA,NA,NA,NA,NA,NA,NA
3,Ah,4,30.3,NA,NA,32.1,NA,NA,32.8,NA,25.5,34.8,NA,25.2,36.9,NA,26.9,38.3,NA,27.0,38.4,NA,31.0,38.6,NA,NA,39.8,NA,NA
2,Es,5,34.5,NA,28.0,36.9,NA,NA,40.6,7,NA,NA,NA,NA,NA,NA,NA,NA,NA,NA,NA,NA,NA,NA,NA,NA,NA,NA,NA
1,Bu,6,21.4,NA,NA,21.9,NA,NA,24.8,NA,NA,27.0,7,NA,NA,NA,NA,NA,NA,NA,NA,NA,NA,NA,NA,NA,NA,NA,NA
1,Bu,101,49.9,NA,26.0,54.0,7,22.5,NA,NA,NA,NA,NA,NA,NA,NA,NA,NA,NA,NA,NA,NA,NA,NA,NA,NA,NA,NA,NA
1,Bu,102,12.8,NA,NA,13.0,NA,NA,15.3,NA,NA,17.2,NA,NA,19.0,NA,NA,19.3,NA,NA,19.2,NA,NA,19.4,NA,NA,20.1,NA,NA
1,Bu,103,24.4,NA,NA,25.1,NA,NA,28.6,NA,NA,31.4,NA,NA,34.4,NA,NA,34.9,NA,NA,35.1,NA,NA,35.6,NA,NA,36.4,NA,NA
1,Bu,104,35.0,NA,NA,39.1,NA,NA,45.7,NA,NA,51.3,NA,NA,55.6,NA,NA,58.9,NA,NA,59.6,3,NA,NA,NA,NA,NA,NA,NA
2,Es,105,42.2,NA,30.0,45.1,NA,NA,50.2,NA,NA,57.2,NA,33.4,63.5,NA,34.9,67.9,NA,35.3,66.7,NA,36.0,71.2,NA,NA,74.5,3,NA
2,Es,106,32.8,NA,NA,35.0,NA,NA,38.1,7,NA,NA,NA,NA,NA,NA,NA,NA,NA,NA,NA,NA,NA,NA,NA,NA,NA,NA,NA
1,Bu,107,21.4,NA,19.5,22.5,NA,NA,24.2,NA,21.0,27.0,NA,21.9,29.0,NA,25.1,29.7,NA,25.2,29.8,NA,27.0,30.6,NA,NA,31.7,NA,NA
2,Es,108,25.0,NA,NA,27.9,7,28.4,NA,NA,NA,NA,NA,NA,NA,NA,NA,NA,NA,NA,NA,NA,NA,NA,NA,NA,NA,NA,NA
1,Bu,201,17.0,NA,NA,18.8,NA,NA,21.8,NA,NA,23.9,NA,NA,26.0,NA,NA,26.9,NA,NA,27.1,NA,NA,28.0,NA,NA,30.8,NA,NA
1,Bu,202,22.2,NA,NA,24.8,NA,NA,28.0,NA,NA,31.2,7,NA,NA,NA,NA,NA,NA,NA,NA,NA,NA,NA,NA,NA,NA,NA,NA
2,Es,203,24.6,NA,NA,27.6,NA,NA,31.7,NA,30.0,36.7,NA,34.8,42.1,NA,35.9,46.0,NA,37.2,47.1,NA,39.0,50.1,NA,NA,51.7,3,NA
1,Bu,204,18.5,NA,NA,20.2,NA,NA,22.4,NA,22.5,24.8,NA,23.8,27.1,NA,25.3,28.3,NA,26.8,28.5,NA,27.0,30.2,NA,NA,32.0,2,NA
3,Ah,205,35.8,NA,NA,37.3,NA,NA,39.4,7,NA,NA,NA,NA,NA,NA,NA,NA,NA,NA,NA,NA,NA,NA,NA,NA,NA,NA,NA
1,Bu,206,23.2,NA,NA,24.4,NA,NA,26.6,NA,NA,28.8,NA,NA,31.4,NA,19.5,32.4,NA,26.5,32.7,NA,28.0,34.1,NA,NA,36.1,NA,NA
1,Bu,207,12.0,NA,NA,12.6,NA,NA,12.8,NA,19.5,13.3,NA,NA,14.2,NA,NA,14.3,NA,NA,14.3,NA,NA,19.4,3,NA,NA,NA,NA
2,Es,208,29.9,NA,NA,31.4,NA,NA,34.4,NA,NA,38.7,NA,NA,42.6,NA,NA,46.1,NA,NA,46.7,NA,NA,47.6,NA,NA,49.4,NA,NA
2,Es,301,23.8,NA,24.0,26.4,NA,NA,29.9,NA,27.5,34.4,NA,30.6,37.1,NA,32.5,39.6,NA,32.6,40.6,3,34.5,NA,NA,NA,NA,NA,NA
1,Bu,302,8.0,NA,NA,8.2,NA,NA,8.4,NA,NA,8.7,NA,NA,9.1,NA,NA,9.1,NA,NA,38.6,1,NA,NA,NA,NA,NA,NA,NA
1,Bu,303,21.0,NA,NA,22.1,NA,NA,24.4,7,NA,NA,NA,NA,NA,NA,NA,NA,NA,NA,NA,NA,NA,NA,NA,NA,NA,NA,NA
1,Bu,304,8.0,NA,NA,8.0,NA,NA,8.2,NA,NA,8.1,5,NA,NA,NA,NA,NA,NA,NA,NA,NA,NA,NA,NA,NA,NA,NA,NA
1,Bu,305,21.0,NA,NA,24.2,NA,NA,28.3,NA,NA,31.5,NA,NA,34.8,NA,NA,36.9,NA,NA,37.3,NA,NA,38.5,NA,NA,40.8,NA,NA
1,Bu,306,21.8,NA,NA,24.3,NA,NA,28.2,NA,29.0,31.6,NA,32.9,34.5,NA,33.2,36.3,NA,34.0,36.5,3,35.0,NA,NA,NA,NA,NA,NA
1,Bu,307,10.2,NA,NA,10.5,NA,NA,11.0,NA,NA,11.1,NA,NA,11.8,NA,NA,11.8,NA,NA,11.9,NA,NA,12.2,NA,NA,13.4,NA,NA
1,Bu,308,9.2,NA,NA,9.2,NA,NA,9.2,5,NA,NA,NA,NA,NA,NA,NA,NA,NA,NA,NA,NA,NA,NA,NA,NA,NA,NA,NA
2,Es,309,21.6,NA,NA,23.8,NA,NA,26.7,7,NA,NA,NA,NA,NA,NA,NA,NA,NA,NA,NA,NA,NA,NA,NA,NA,NA,NA,NA
1,Bu,310,15.4,NA,NA,16.4,NA,NA,17.4,NA,NA,18.4,NA,NA,19.5,NA,NA,19.8,NA,NA,20.0,NA,NA,20.3,NA,NA,21.5,NA,NA
1,Bu,401,7.4,NA,NA,7.5,NA,NA,7.6,NA,NA,7.7,NA,NA,7.9,NA,NA,8.0,NA,NA,8.1,NA,NA,8.3,NA,NA,9.1,NA,NA
2,Es,402,22.8,NA,NA,25.1,NA,NA,28.8,NA,27.5,33.6,NA,31.4,35.5,NA,31.0,38.2,NA,32.5,38.6,NA,NA,39.2,NA,NA,40.5,NA,NA
1,Bu,403,9.3,NA,NA,9.7,NA,NA,9.8,NA,NA,10.2,NA,NA,10.7,NA,NA,10.7,NA,NA,10.6,NA,NA,10.9,NA,NA,11.3,NA,NA
2,Es,404,24.3,NA,NA,27.2,NA,NA,32.0,7,NA,NA,NA,NA,NA,NA,NA,NA,NA,NA,NA,NA,NA,NA,NA,NA,NA,NA,NA
1,Bu,405,11.6,NA,NA,11.9,NA,NA,12.2,NA,NA,12.0,NA,NA,12.1,NA,NA,12.2,NA,NA,12.1,4,NA,NA,NA,NA,NA,NA,NA
1,Bu,406,24.8,NA,NA,27.7,NA,NA,32.0,NA,NA,35.9,NA,NA,39.1,NA,NA,41.4,NA,NA,41.6,NA,NA,42.5,NA,NA,44.0,NA,36.9
1,Bu,407,20.0,NA,NA,21.6,NA,NA,23.4,NA,29.0,25.3,NA,31.1,27.1,NA,30.8,28.1,NA,31.1,28.3,NA,32.0,28.6,NA,NA,30.2,NA,31.1
2,Es,501,25.4,NA,NA,28.7,NA,NA,34.1,NA,27.5,39.7,NA,32.0,46.0,NA,32.8,49.7,NA,33.7,50.6,NA,34.0,52.8,NA,NA,56.1,NA,NA
1,Bu,502,7.8,NA,NA,8.0,NA,NA,8.2,NA,NA,8.8,NA,NA,9.2,NA,NA,9.3,NA,NA,9.3,NA,NA,9.5,NA,NA,10.7,NA,NA
1,Bu,503,6.6,1,NA,NA,NA,NA,NA,NA,NA,NA,NA,NA,NA,NA,NA,NA,NA,NA,NA,NA,NA,NA,NA,NA,NA,NA,NA
1,Bu,504,10.4,NA,NA,12.5,1,17.4,NA,NA,NA,NA,NA,NA,NA,NA,NA,NA,NA,NA,NA,NA,NA,NA,NA,NA,NA,NA,NA
1,Bu,505,10.1,NA,NA,12.1,1,16.4,NA,NA,NA,NA,NA,NA,NA,NA,NA,NA,NA,NA,NA,NA,NA,NA,NA,NA,NA,NA,NA
1,Bu,506,27.6,NA,NA,31.1,NA,NA,38.0,NA,NA,43.8,NA,NA,48.5,NA,NA,51.8,NA,NA,52.7,NA,NA,53.8,NA,NA,56.6,NA,NA
1,Bu,507,14.7,NA,NA,18.0,NA,NA,18.0,7,NA,NA,NA,NA,NA,NA,NA,NA,NA,NA,NA,NA,NA,NA,NA,NA,NA,NA,NA
1,Bu,508,6.6,NA,NA,6.7,1,NA,NA,NA,NA,NA,NA,NA,NA,NA,NA,NA,NA,NA,NA,NA,NA,NA,NA,NA,NA,NA,NA
1,Bu,509,21.8,NA,NA,23.8,NA,NA,27.2,NA,NA,30.9,NA,NA,34.1,NA,NA,36.3,NA,NA,36.6,NA,NA,37.8,NA,NA,40.0,NA,NA
1,Bu,510,7.4,NA,NA,7.5,NA,NA,7.8,NA,NA,7.6,5,NA,NA,NA,NA,NA,NA,NA,NA,NA,NA,NA,NA,NA,NA,NA,NA
1,Bu,701,8.0,NA,NA,8.1,NA,NA,8.2,NA,NA,8.3,NA,NA,8.5,NA,NA,8.7,NA,NA,8.7,NA,NA,8.8,NA,NA,9.3,NA,NA
1,Bu,702,18.2,NA,NA,20.9,NA,NA,24.2,NA,NA,27.6,NA,NA,32.5,NA,NA,36.6,NA,NA,37.3,NA,NA,37.7,NA,NA,41.8,NA,NA
1,Bu,703,10.4,NA,NA,11.2,NA,NA,12.1,NA,NA,12.3,NA,NA,12.9,NA,NA,13.0,NA,NA,13.0,NA,NA,13.3,NA,NA,14.3,NA,NA
1,Bu,704,10.8,NA,NA,11.1,NA,NA,12.0,NA,NA,12.0,NA,NA,12.4,NA,NA,12.5,NA,NA,12.6,NA,NA,12.8,NA,NA,13.7,NA,NA
1,Bu,705,25.2,NA,NA,28.4,NA,NA,33.4,NA,NA,37.4,7,NA,NA,NA,NA,NA,NA,NA,NA,NA,NA,NA,NA,NA,NA,NA,NA
1,Bu,801,39.3,NA,NA,44.0,7,27.0,NA,NA,NA,NA,NA,NA,NA,NA,NA,NA,NA,NA,NA,NA,NA,NA,NA,NA,NA,NA,NA
1,Bu,802,26.8,NA,NA,29.4,NA,NA,34.9,NA,NA,40.1,NA,NA,45.4,NA,NA,48.8,NA,NA,49.6,NA,NA,50.8,NA,NA,52.7,NA,NA
1,Bu,803,25.7,NA,25.5,29.6,NA,NA,36.1,NA,NA,41.4,NA,NA,45.9,NA,NA,48.5,NA,NA,49.0,3,NA,NA,NA,NA,NA,NA,NA
1,Bu,804,12.4,NA,NA,13.2,NA,NA,13.4,NA,NA,13.3,5,NA,NA,NA,NA,NA,NA,NA,NA,NA,NA,NA,NA,NA,NA,NA,NA
1,Bu,805,9.2,NA,NA,9.2,NA,NA,9.2,NA,NA,9.4,5,NA,NA,NA,NA,NA,NA,NA,NA,NA,NA,NA,NA,NA,NA,NA,NA
1,Bu,806,15.0,NA,20.0,15.9,NA,NA,16.8,NA,NA,17.0,NA,NA,17.9,NA,NA,18.2,NA,NA,18.0,NA,NA,18.5,NA,NA,20.6,2,NA
3,Ah,807,30.6,NA,NA,32.3,NA,NA,34.4,NA,NA,35.3,7,NA,NA,NA,NA,NA,NA,NA,NA,NA,NA,NA,NA,NA,NA,NA,NA
1,Bu,808,13.0,NA,NA,13.6,NA,NA,13.8,NA,NA,13.9,NA,NA,14.2,NA,NA,14.3,NA,NA,14.3,NA,NA,14.2,NA,NA,14.6,2,NA
1,Bu,809,14.8,NA,NA,15.2,NA,NA,16.8,NA,NA,17.2,NA,NA,18.8,NA,NA,19.3,NA,NA,19.1,NA,NA,19.2,NA,NA,19.4,NA,NA
1,Bu,901,25.4,NA,25.0,29.3,NA,NA,34.7,NA,NA,38.9,NA,NA,42.6,NA,NA,44.8,NA,NA,45.3,3,NA,NA,NA,NA,NA,NA,NA
1,Bu,902,22.0,NA,14.5,23.3,NA,NA,24.2,NA,NA,24.7,NA,NA,25.0,NA,NA,25.2,NA,NA,25.1,NA,NA,25.4,NA,NA,26.7,NA,NA
2,Es,903,23.0,NA,NA,24.7,NA,NA,26.7,NA,26.0,29.2,NA,29.6,32.6,NA,30.1,35.2,NA,31.3,35.8,NA,32.0,37.0,NA,NA,38.1,NA,NA
1,Bu,904,11.8,NA,NA,12.5,NA,NA,12.8,NA,NA,12.8,NA,NA,13.0,NA,NA,13.2,NA,NA,13.1,NA,NA,13.5,NA,NA,14.0,NA,NA
1,Bu,905,21.1,NA,NA,23.6,NA,NA,26.8,NA,NA,29.5,NA,NA,33.1,NA,NA,35.2,NA,NA,35.5,NA,NA,36.5,NA,NA,37.4,NA,NA
1,Bu,906,23.8,NA,NA,32.1,NA,NA,37.2,NA,NA,41.6,7,NA,NA,NA,NA,NA,NA,NA,NA,NA,NA,NA,NA,NA,NA,NA,NA
1,Bu,907,25.6,NA,NA,28.1,NA,NA,31.1,NA,NA,34.1,NA,NA,38.0,NA,NA,39.9,NA,NA,39.9,NA,NA,41.1,NA,NA,42.2,NA,NA
2,Es,908,23.2,NA,NA,24.1,7,26.6,NA,NA,NA,NA,NA,NA,NA,NA,NA,NA,NA,NA,NA,NA,NA,NA,NA,NA,NA,NA,NA
2,Es,909,27.6,NA,22.0,29.6,NA,NA,34.8,7,NA,NA,NA,NA,NA,NA,NA,NA,NA,NA,NA,NA,NA,NA,NA,NA,NA,NA,NA
1,Bu,1001,36.1,NA,NA,41.4,NA,NA,48.2,NA,NA,53.8,NA,33.1,57.4,NA,NA,59.2,NA,NA,59.6,NA,NA,61.5,NA,NA,63.5,NA,39.6
1,Bu,1002,7.4,NA,NA,8.2,NA,NA,8.9,NA,NA,9.0,NA,NA,9.4,NA,NA,9.5,NA,NA,9.4,NA,NA,9.4,NA,NA,10.1,NA,NA
1,Bu,1003,22.6,NA,NA,23.7,NA,NA,25.6,NA,NA,26.4,NA,NA,27.2,NA,NA,27.4,NA,NA,27.6,NA,NA,27.8,NA,NA,28.3,NA,30.2
1,Bu,1004,15.2,NA,NA,16.2,NA,NA,17.0,NA,NA,17.4,NA,NA,17.8,NA,NA,18.0,NA,NA,18.0,NA,NA,18.3,NA,NA,19.0,2,20.7
2,Es,1005,24.1,NA,NA,26.6,NA,NA,29.7,NA,31.0,32.9,NA,30.3,36.2,NA,33.4,39.5,NA,34.0,39.9,NA,NA,41.5,NA,NA,44.3,NA,41.0
1,Bu,1006,10.8,NA,NA,11.8,NA,NA,12.0,NA,NA,12.0,NA,NA,12.1,NA,NA,12.1,NA,NA,12.1,5,NA,NA,NA,NA,NA,NA,NA
1,Bu,1007,18.0,NA,NA,19.5,NA,NA,21.4,NA,NA,22.7,NA,NA,23.9,NA,NA,24.4,NA,NA,24.6,NA,NA,24.7,NA,NA,26.2,NA,NA
1,Bu,1008,12.2,NA,NA,13.4,NA,NA,13.7,NA,NA,14.2,NA,NA,14.2,NA,NA,14.0,NA,NA,13.8,NA,NA,13.9,NA,NA,14.3,NA,NA
1,Bu,1009,10.9,NA,NA,11.1,1,NA,NA,NA,NA,NA,NA,NA,NA,NA,NA,NA,NA,NA,NA,NA,NA,NA,NA,NA,NA,NA,NA
3,Ah,1010,26.0,NA,NA,26.8,7,23.6,NA,NA,NA,NA,NA,NA,NA,NA,NA,NA,NA,NA,NA,NA,NA,NA,NA,NA,NA,NA,NA
2,Es,1011,29.2,NA,NA,32.6,NA,NA,37.5,NA,29.5,42.0,NA,34.6,45.6,NA,35.3,49.3,NA,36.5,49.7,NA,37.0,50.4,NA,NA,53.8,NA,NA
1,Bu,1012,NA,NA,NA,NA,NA,NA,NA,NA,NA,NA,NA,NA,NA,NA,NA,NA,NA,NA,NA,NA,NA,8.7,NA,NA,9.3,NA,NA
2,Es,1101,34.2,NA,NA,36.1,NA,NA,40.1,NA,33.0,46.0,NA,34.1,50.2,NA,34.5,53.6,NA,37.2,54.8,NA,NA,56.7,NA,NA,58.4,NA,41.0
1,Bu,1102,25.1,NA,NA,26.6,NA,NA,28.2,NA,24.5,30.5,NA,25.0,31.7,NA,NA,32.5,NA,NA,32.7,NA,NA,33.5,NA,NA,35.4,NA,26.0
1,Bu,1103,19.0,NA,NA,20.1,NA,NA,21.4,NA,NA,23.5,NA,NA,25.1,NA,NA,25.2,NA,NA,25.1,NA,NA,24.9,NA,NA,25.8,NA,NA
1,Bu,1104,15.0,NA,NA,15.1,NA,NA,15.2,NA,16.0,15.5,NA,17.8,15.5,NA,18.6,15.8,1,18.9,NA,NA,NA,NA,NA,NA,NA,NA,NA
2,Es,1105,34.2,NA,NA,36.8,NA,NA,40.2,1,NA,NA,NA,NA,NA,NA,NA,NA,NA,NA,NA,NA,NA,NA,NA,NA,NA,NA,NA
2,Es,1106,23.7,NA,NA,24.5,7,24.0,NA,NA,NA,NA,NA,NA,NA,NA,NA,NA,NA,NA,NA,NA,NA,NA,NA,NA,NA,NA,NA
1,Bu,1107,8.6,NA,NA,9.2,NA,NA,9.8,NA,NA,10.0,5,NA,NA,NA,NA,NA,NA,NA,NA,NA,NA,NA,NA,NA,NA,NA,NA
2,Es,1109,13.6,NA,NA,13.6,7,NA,NA,NA,NA,NA,NA,NA,NA,NA,NA,NA,NA,NA,NA,NA,NA,NA,NA,NA,NA,NA,NA
1,Bu,1110,7.9,NA,NA,8.1,NA,NA,8.8,NA,NA,9.6,NA,NA,9.9,NA,NA,9.9,NA,NA,9.8,NA,NA,10.3,NA,NA,12.6,NA,NA
2,Es,1201,24.2,NA,NA,25.4,NA,NA,28.1,NA,29.5,31.0,NA,32.2,34.2,NA,34.7,36.2,NA,37.4,37.0,NA,34.0,37.7,NA,NA,39.1,2,NA
1,Bu,1202,10.2,NA,NA,10.3,NA,NA,10.4,NA,NA,10.5,5,NA,NA,NA,NA,NA,NA,NA,NA,NA,NA,NA,NA,NA,NA,NA,NA
1,Bu,1203,34.9,NA,27.5,38.0,NA,NA,41.4,NA,NA,44.8,NA,NA,47.1,NA,NA,48.8,NA,NA,49.1,3,NA,NA,NA,NA,NA,NA,NA
1,Bu,1204,22.2,NA,NA,23.7,NA,NA,25.5,NA,NA,28.1,NA,NA,31.2,NA,NA,32.6,NA,NA,32.9,NA,34.0,34.4,3,NA,NA,NA,NA
1,Bu,1301,13.9,NA,NA,15.0,NA,NA,16.1,NA,NA,16.9,NA,NA,17.6,NA,NA,17.8,NA,NA,17.8,NA,NA,18.0,NA,NA,19.4,NA,NA
1,Bu,1302,15.8,NA,NA,16.6,NA,NA,17.2,NA,NA,17.6,NA,NA,18.2,NA,NA,18.4,NA,NA,18.4,NA,NA,18.6,NA,NA,19.5,NA,NA
1,Bu,1303,11.0,NA,NA,11.1,NA,NA,11.3,NA,NA,11.1,NA,17.6,11.3,NA,18.0,11.3,NA,NA,11.4,NA,NA,11.2,NA,NA,11.4,NA,17.1
1,Bu,1304,33.2,NA,NA,35.9,NA,NA,41.0,NA,NA,45.6,NA,NA,49.2,NA,NA,51.3,NA,NA,51.7,NA,NA,53.5,NA,NA,54.4,NA,37.3
1,Bu,1305,12.2,NA,NA,12.2,5,NA,NA,NA,NA,NA,NA,NA,NA,NA,NA,NA,NA,NA,NA,NA,NA,NA,NA,NA,NA,NA,NA
2,Es,1306,37.6,NA,NA,39.7,NA,NA,42.4,NA,31.0,46.0,NA,30.1,49.7,NA,31.6,52.0,NA,34.2,52.5,NA,37.0,53.9,NA,NA,54.5,NA,37.1
1,Bu,1307,8.8,NA,NA,9.4,1,NA,NA,NA,NA,NA,NA,NA,NA,NA,NA,NA,NA,NA,NA,NA,NA,NA,NA,NA,NA,NA,NA
1,Bu,1308,41.4,NA,26.5,44.4,NA,NA,48.8,NA,NA,52.6,NA,NA,54.8,NA,NA,56.2,NA,NA,56.9,NA,NA,57.4,NA,NA,59.4,NA,NA
1,Bu,1401,19.2,NA,NA,20.0,7,25.0,NA,NA,NA,NA,NA,NA,NA,NA,NA,NA,NA,NA,NA,NA,NA,NA,NA,NA,NA,NA,NA
1,Bu,1402,19.4,NA,NA,20.8,NA,NA,22.3,NA,NA,23.2,NA,26.9,24.0,NA,NA,24.2,NA,NA,24.2,NA,NA,24.5,NA,NA,25.5,NA,NA
1,Bu,1403,31.0,NA,NA,34.9,NA,NA,41.2,NA,NA,47.5,NA,NA,52.9,NA,NA,56.7,NA,NA,57.9,NA,NA,61.1,NA,NA,62.5,2,NA
1,Bu,1404,11.7,NA,NA,11.7,NA,NA,12.0,NA,NA,12.0,NA,NA,12.2,NA,NA,12.2,NA,NA,12.1,NA,NA,12.4,NA,NA,12.3,NA,NA
1,Bu,1405,18.2,NA,NA,18.9,NA,NA,22.2,NA,NA,25.5,NA,NA,27.9,NA,NA,28.5,NA,NA,28.4,NA,NA,29.2,NA,NA,30.9,NA,NA
1,Bu,1406,18.8,NA,NA,19.6,NA,NA,19.8,NA,NA,20.8,NA,NA,21.9,NA,NA,22.0,NA,NA,22.0,NA,NA,22.5,NA,NA,24.2,NA,NA
1,Bu,1407,16.2,NA,NA,16.3,NA,NA,17.0,NA,NA,17.5,NA,NA,18.1,NA,NA,18.3,NA,NA,18.3,NA,NA,18.8,NA,NA,19.9,NA,NA
1,Bu,1501,12.8,NA,NA,13.1,NA,NA,16.8,NA,NA,19.1,NA,NA,20.0,NA,NA,20.4,NA,NA,20.4,NA,NA,20.8,NA,NA,22.6,NA,NA
1,Bu,1502,53.8,NA,NA,60.1,7,30.0,NA,NA,NA,NA,NA,NA,NA,NA,NA,NA,NA,NA,NA,NA,NA,NA,NA,NA,NA,NA,NA
1,Bu,1503,53.0,NA,28.0,58.2,7,28.6,NA,NA,NA,NA,NA,NA,NA,NA,NA,NA,NA,NA,NA,NA,NA,NA,NA,NA,NA,NA,NA
1,Bu,1504,9.4,NA,NA,9.4,NA,NA,10.2,1,NA,NA,NA,NA,NA,NA,NA,NA,NA,NA,NA,NA,NA,NA,NA,NA,NA,NA,NA
1,Bu,1505,11.4,NA,NA,11.4,NA,NA,12.3,NA,NA,12.7,4,NA,NA,NA,NA,NA,NA,NA,NA,NA,NA,NA,NA,NA,NA,NA,NA
1,Bu,1506,13.2,NA,14.5,13.3,1,17.7,NA,NA,NA,NA,NA,NA,NA,NA,NA,NA,NA,NA,NA,NA,NA,NA,NA,NA,NA,NA,NA
1,Bu,1507,8.2,NA,NA,8.5,NA,NA,12.0,NA,NA,15.8,NA,NA,17.8,NA,NA,19.1,NA,NA,19.6,6,NA,NA,NA,NA,NA,NA,NA
1,Bu,1601,12.4,NA,NA,15.8,NA,NA,22.8,NA,NA,29.5,NA,NA,35.9,NA,NA,40.1,NA,NA,41.0,NA,NA,43.7,NA,NA,46.0,NA,NA
1,Bu,1602,7.6,NA,NA,7.9,NA,NA,8.9,NA,NA,9.2,NA,NA,9.4,NA,NA,9.5,7,NA,NA,NA,NA,NA,NA,NA,NA,NA,NA
1,Bu,1603,12.8,NA,NA,15.5,NA,NA,19.4,NA,NA,23.7,NA,NA,26.9,NA,NA,27.5,NA,NA,29.1,NA,NA,30.3,NA,NA,31.6,NA,NA
1,Bu,1604,8.8,NA,NA,9.6,NA,NA,10.5,NA,NA,11.4,NA,NA,11.5,NA,NA,11.5,NA,NA,11.5,4,NA,NA,NA,NA,NA,NA,NA
1,Bu,1605,8.2,1,NA,NA,NA,NA,NA,NA,NA,NA,NA,NA,NA,NA,NA,NA,NA,NA,NA,NA,NA,NA,NA,NA,NA,NA,NA
1,Bu,1606,10.8,NA,NA,14.0,NA,NA,16.8,7,NA,NA,NA,NA,NA,NA,NA,NA,NA,NA,NA,NA,NA,NA,NA,NA,NA,NA,NA
1,Bu,1607,7.0,NA,NA,7.2,NA,NA,7.3,NA,NA,8.0,NA,NA,8.2,NA,NA,8.2,7,NA,NA,NA,NA,NA,NA,NA,NA,NA,NA
1,Bu,1608,6.3,NA,NA,6.5,1,NA,NA,NA,NA,NA,NA,NA,NA,NA,NA,NA,NA,NA,NA,NA,NA,NA,NA,NA,NA,NA,NA
1,Bu,1701,12.8,NA,NA,14.7,NA,NA,17.4,NA,NA,18.8,NA,NA,20.5,NA,NA,21.9,NA,NA,22.6,NA,NA,26.5,NA,NA,25.6,NA,NA
1,Bu,1702,20.8,NA,NA,26.7,NA,NA,34.8,NA,NA,42.7,NA,NA,49.8,NA,NA,54.2,NA,NA,55.1,NA,NA,57.5,NA,NA,60.0,NA,NA
1,Bu,1703,18.8,NA,NA,21.6,NA,NA,23.8,7,NA,NA,NA,NA,NA,NA,NA,NA,NA,NA,NA,NA,NA,NA,NA,NA,NA,NA,NA
1,Bu,1704,12.1,NA,NA,12.2,NA,NA,12.2,NA,NA,12.6,NA,NA,13.0,NA,NA,13.2,7,NA,NA,NA,NA,NA,NA,NA,NA,NA,NA
1,Bu,1705,33.2,NA,NA,37.5,NA,NA,43.7,NA,NA,50.0,NA,NA,54.7,NA,NA,57.4,NA,NA,57.8,NA,NA,59.1,NA,NA,60.5,NA,33.3
1,Bu,1706,11.0,NA,NA,11.2,NA,NA,11.4,NA,NA,12.2,NA,NA,12.3,NA,NA,12.2,7,NA,NA,NA,NA,NA,NA,NA,NA,NA,NA
1,Bu,1707,15.3,NA,NA,16.8,NA,NA,17.4,NA,NA,18.8,NA,NA,19.5,NA,NA,19.8,NA,NA,19.6,2,NA,NA,NA,NA,NA,NA,NA
1,Bu,1708,11.0,NA,NA,12.2,NA,NA,12.1,NA,NA,12.2,NA,NA,12.4,NA,NA,12.4,7,NA,NA,NA,NA,NA,NA,NA,NA,NA,NA
1,Bu,1801,27.4,NA,22.5,29.9,NA,NA,33.5,NA,NA,37.0,NA,NA,40.4,NA,NA,42.6,NA,NA,43.0,NA,NA,44.5,NA,NA,45.8,NA,33.4
1,Bu,1802,21.0,NA,19.5,21.8,NA,NA,22.8,NA,NA,23.7,NA,NA,25.4,NA,NA,25.8,NA,NA,25.8,NA,NA,26.0,NA,NA,26.8,NA,24.5
2,Es,1803,21.6,NA,20.0,22.2,7,27.3,NA,NA,NA,NA,NA,NA,NA,NA,NA,NA,NA,NA,NA,NA,NA,NA,NA,NA,NA,NA,NA
2,Es,1804,23.6,NA,NA,25.1,NA,NA,26.9,NA,27.5,29.4,NA,29.6,32.9,NA,31.0,35.5,NA,33.4,36.3,NA,35.0,37.6,NA,NA,38.8,NA,31.2
1,Bu,1805,14.6,NA,NA,15.0,NA,NA,15.6,NA,NA,16.8,NA,NA,17.4,NA,NA,17.5,NA,NA,17.5,NA,NA,17.8,NA,NA,18.3,NA,18.7
1,Bu,1806,37.8,NA,25.0,41.4,NA,NA,47.7,NA,NA,53.7,NA,32.1,59.1,NA,34.7,61.6,NA,37.4,62.1,NA,37.0,63.9,NA,NA,64.7,2,NA
1,Bu,1807,27.6,NA,23.5,29.4,NA,NA,32.4,NA,NA,36.2,NA,NA,39.9,NA,NA,41.9,NA,NA,42.1,NA,NA,42.7,NA,NA,43.3,NA,36.8
2,Es,1901,20.8,NA,NA,21.6,NA,NA,22.8,7,NA,NA,NA,NA,NA,NA,NA,NA,NA,NA,NA,NA,NA,NA,NA,NA,NA,NA,NA
1,Bu,1902,32.8,NA,NA,34.6,NA,NA,37.9,NA,NA,40.7,NA,NA,44.0,NA,NA,45.2,NA,NA,45.5,NA,NA,46.1,NA,NA,49.0,2,NA
1,Bu,1903,35.0,NA,NA,39.3,NA,NA,45.4,NA,NA,50.8,NA,NA,55.4,NA,NA,58.0,NA,NA,59.6,3,NA,NA,NA,NA,NA,NA,NA
1,Bu,1904,27.1,NA,NA,29.3,NA,NA,31.6,NA,NA,33.6,NA,NA,36.3,NA,NA,37.9,NA,NA,37.7,NA,NA,38.8,NA,NA,39.6,NA,NA
2,Es,1905,22.7,NA,NA,23.8,NA,NA,25.2,NA,27.0,26.8,NA,28.7,28.2,NA,28.8,25.7,NA,28.9,29.2,NA,29.5,29.3,NA,NA,30.2,NA,29.0
1,Bu,1906,13.6,NA,NA,13.8,NA,NA,13.8,NA,NA,14.0,NA,NA,14.3,NA,NA,14.2,NA,NA,14.3,NA,NA,14.0,NA,NA,14.4,NA,NA
1,Bu,1907,23.6,NA,20.0,24.0,NA,NA,24.2,7,NA,NA,NA,NA,NA,NA,NA,NA,NA,NA,NA,NA,NA,NA,NA,NA,NA,NA,NA
1,Bu,2001,23.8,NA,NA,26.8,NA,NA,31.0,NA,NA,35.2,NA,NA,38.7,NA,NA,40.9,NA,NA,41.1,NA,NA,42.6,NA,NA,44.1,2,NA
1,Bu,2002,26.8,NA,NA,29.2,NA,NA,32.3,NA,NA,35.3,NA,NA,37.6,NA,NA,38.7,NA,NA,39.1,3,NA,NA,NA,NA,NA,NA,NA
1,Bu,2003,8.7,NA,NA,8.8,NA,NA,8.8,NA,NA,8.9,NA,NA,9.1,NA,NA,9.1,NA,NA,9.0,5,NA,NA,NA,NA,NA,NA,NA
1,Bu,2004,13.4,NA,NA,13.9,NA,NA,14.2,NA,NA,14.4,NA,NA,14.5,NA,NA,14.7,NA,NA,14.6,NA,21.5,15.3,NA,NA,16.8,NA,NA
1,Bu,2005,16.9,NA,NA,18.5,NA,NA,20.0,NA,25.0,20.9,NA,27.3,21.3,NA,28.7,21.4,NA,28.8,21.4,NA,28.5,21.5,NA,NA,23.7,NA,NA
1,Bu,2006,8.6,NA,NA,9.0,7,12.0,NA,NA,NA,NA,NA,NA,NA,NA,NA,NA,NA,NA,NA,NA,NA,NA,NA,NA,NA,NA,NA
1,Bu,2007,30.6,NA,NA,34.4,NA,NA,38.9,NA,28.5,43.8,NA,31.5,47.7,NA,34.0,50.6,NA,34.7,50.5,NA,37.0,51.5,3,NA,NA,NA,NA
1,Bu,2008,8.6,NA,NA,8.6,NA,NA,8.7,NA,13.5,8.8,NA,NA,8.8,NA,NA,8.7,5,NA,NA,NA,NA,NA,NA,NA,NA,NA,NA
1,Bu,2009,16.0,NA,NA,17.4,NA,NA,21.4,NA,24.5,23.3,7,NA,NA,NA,NA,NA,NA,NA,NA,NA,NA,NA,NA,NA,NA,NA,NA
1,Bu,2010,22.4,NA,NA,25.0,NA,NA,28.9,NA,NA,32.7,NA,NA,37.3,NA,33.6,39.4,NA,35.5,40.0,NA,34.0,41.8,NA,NA,44.7,NA,NA
2,Es,2101,13.4,NA,NA,14.0,7,20.8,NA,NA,NA,NA,NA,NA,NA,NA,NA,NA,NA,NA,NA,NA,NA,NA,NA,NA,NA,NA,NA
1,Bu,2102,18.8,NA,NA,19.4,NA,NA,19.4,NA,21.0,19.6,NA,20.7,20.0,NA,20.8,20.1,NA,20.8,20.1,NA,23.0,20.5,NA,NA,22.8,NA,NA
1,Bu,2103,8.4,NA,NA,8.4,1,NA,NA,NA,NA,NA,NA,NA,NA,NA,NA,NA,NA,NA,NA,NA,NA,NA,NA,NA,NA,NA,NA
1,Bu,2104,8.9,NA,NA,8.9,1,NA,NA,NA,NA,NA,NA,NA,NA,NA,NA,NA,NA,NA,NA,NA,NA,NA,NA,NA,NA,NA,NA
1,Bu,2105,7.4,1,NA,NA,NA,NA,NA,NA,NA,NA,NA,NA,NA,NA,NA,NA,NA,NA,NA,NA,NA,NA,NA,NA,NA,NA,NA
1,Bu,2106,23.0,NA,NA,26.2,NA,NA,29.8,NA,29.5,33.9,NA,32.4,37.9,NA,32.5,40.1,NA,34.6,40.4,NA,36.0,41.4,3,NA,NA,NA,NA
1,Bu,2107,17.0,NA,NA,17.1,NA,NA,17.4,NA,NA,17.4,NA,NA,17.5,1,NA,NA,NA,NA,NA,NA,NA,NA,NA,NA,NA,NA,NA
2,Es,2108,14.5,NA,NA,14.8,7,19.2,NA,NA,NA,NA,NA,NA,NA,NA,NA,NA,NA,NA,NA,NA,NA,NA,NA,NA,NA,NA,NA
1,Bu,2201,10.0,NA,NA,10.2,NA,NA,10.0,NA,NA,10.1,NA,NA,10.4,NA,NA,10.6,NA,NA,10.4,NA,12.5,10.3,NA,NA,11.4,NA,NA
1,Bu,2202,34.6,NA,28.0,37.1,NA,NA,40.2,NA,29.0,42.4,NA,30.4,45.3,NA,29.3,46.3,NA,29.6,46.4,NA,30.5,47.5,NA,NA,49.1,NA,NA
1,Bu,2203,13.2,NA,NA,13.3,5,NA,NA,NA,NA,NA,NA,NA,NA,NA,NA,NA,NA,NA,NA,NA,NA,NA,NA,NA,NA,NA,NA
1,Bu,2204,25.6,NA,NA,27.3,NA,NA,30.0,NA,31.5,33.0,NA,32.5,36.4,NA,35.7,38.9,NA,37.0,39.3,NA,35.0,41.0,NA,NA,43.6,NA,NA
1,Bu,2205,41.2,NA,NA,44.3,NA,NA,49.4,NA,32.0,54.5,NA,34.0,58.5,NA,36.2,60.6,NA,37.8,61.6,3,39.5,NA,NA,NA,NA,NA,NA
1,Bu,2206,18.0,NA,NA,18.2,NA,NA,18.3,NA,19.0,18.8,NA,19.1,18.9,NA,19.2,19.0,NA,19.7,18.8,NA,20.0,19.0,NA,NA,19.8,NA,NA
1,Bu,2301,39.4,NA,26.5,42.0,NA,NA,45.4,NA,NA,49.3,NA,NA,52.5,NA,NA,54.1,NA,NA,54.2,NA,NA,55.4,NA,NA,57.2,NA,NA
2,Es,2302,25.1,NA,NA,25.8,NA,NA,26.0,1,NA,NA,NA,NA,NA,NA,NA,NA,NA,NA,NA,NA,NA,NA,NA,NA,NA,NA,NA
1,Bu,2303,24.2,NA,NA,24.5,NA,NA,25.8,NA,23.5,26.6,NA,NA,28.4,NA,NA,28.9,NA,NA,28.9,NA,NA,29.6,NA,NA,31.1,3,NA
2,Es,2304,22.8,NA,NA,23.2,7,25.5,NA,NA,NA,NA,NA,NA,NA,NA,NA,NA,NA,NA,NA,NA,NA,NA,NA,NA,NA,NA,NA
2,Es,2305,33.0,NA,NA,35.9,NA,NA,40.1,NA,NA,44.6,NA,NA,49.5,NA,NA,53.0,NA,NA,54.4,NA,NA,56.1,NA,NA,58.3,NA,NA
1,Bu,2306,6.6,NA,NA,6.9,NA,NA,7.5,NA,10.5,8.1,4,11.5,NA,NA,NA,NA,NA,NA,NA,NA,NA,NA,NA,NA,NA,NA,NA
1,Bu,2401,10.2,NA,NA,10.2,NA,NA,10.7,NA,NA,11.1,NA,NA,11.4,NA,NA,11.5,NA,NA,11.5,NA,NA,11.7,NA,NA,12.2,NA,NA
1,Bu,2402,39.3,NA,NA,43.4,NA,NA,49.8,NA,33.0,54.2,NA,33.4,58.5,NA,34.3,61.3,NA,36.8,61.1,3,NA,NA,NA,NA,NA,NA,NA
1,Bu,2403,7.4,NA,NA,7.4,NA,NA,8.2,NA,NA,8.6,NA,NA,9.1,NA,NA,9.1,NA,NA,9.2,NA,11.0,9.6,NA,NA,10.5,NA,NA
3,Ah,2404,40.5,NA,NA,41.4,NA,NA,43.8,NA,30.0,45.1,4,29.6,NA,NA,NA,NA,NA,NA,NA,NA,NA,NA,NA,NA,NA,NA,NA
2,Es,2405,26.0,NA,NA,34.9,NA,NA,39.8,NA,NA,44.5,NA,NA,49.6,NA,NA,53.3,NA,NA,54.4,NA,NA,59.4,NA,NA,60.7,2,NA
3,Ah,2406,30.2,NA,23.0,31.8,7,NA,NA,NA,NA,NA,NA,NA,NA,NA,NA,NA,NA,NA,NA,NA,NA,NA,NA,NA,NA,NA,NA
1,Bu,2407,9.5,NA,NA,9.5,5,NA,NA,NA,NA,NA,NA,NA,NA,NA,NA,NA,NA,NA,NA,NA,NA,NA,NA,NA,NA,NA,NA
3,Ah,2408,18.1,NA,18.5,18.8,1,24.3,NA,NA,NA,NA,NA,NA,NA,NA,NA,NA,NA,NA,NA,NA,NA,NA,NA,NA,NA,NA,NA
1,Bu,2409,22.7,NA,17.0,23.3,NA,NA,25.2,NA,NA,27.0,NA,NA,28.9,NA,NA,30.4,NA,NA,30.7,NA,NA,32.0,NA,NA,34.8,NA,NA
1,Bu,2501,23.6,NA,20.0,25.9,NA,NA,30.5,NA,NA,34.2,NA,NA,37.3,NA,32.7,39.2,NA,34.1,39.8,3,NA,NA,NA,NA,NA,NA,NA
1,Bu,2502,18.4,NA,NA,21.2,NA,NA,28.2,NA,27.5,36.2,NA,29.5,41.5,NA,32.6,44.5,NA,33.2,45.0,NA,33.5,46.5,NA,NA,48.9,NA,NA
1,Bu,2503,9.3,NA,NA,9.5,NA,NA,11.0,NA,NA,12.1,NA,NA,12.6,NA,NA,12.6,NA,NA,12.4,NA,NA,12.5,NA,NA,13.7,NA,NA
1,Bu,2504,18.6,NA,NA,19.2,NA,NA,20.2,NA,NA,22.7,NA,NA,25.2,NA,NA,25.4,NA,NA,25.5,NA,NA,26.2,NA,NA,28.3,NA,NA
1,Bu,2505,13.0,NA,NA,13.7,NA,NA,14.6,NA,25.5,16.1,NA,24.4,17.3,NA,23.4,17.4,NA,25.4,17.0,NA,24.0,17.8,NA,NA,19.7,NA,NA
1,Bu,2506,13.6,NA,NA,14.6,NA,NA,15.2,7,25.5,NA,NA,NA,NA,NA,NA,NA,NA,NA,NA,NA,NA,NA,NA,NA,NA,NA,NA
1,Bu,2507,7.2,NA,NA,7.4,NA,NA,7.9,NA,11.5,8.0,5,NA,NA,NA,NA,NA,NA,NA,NA,NA,NA,NA,NA,NA,NA,NA,NA
1,Bu,2508,16.6,NA,NA,17.7,NA,NA,19.8,NA,NA,22.7,NA,NA,25.8,NA,NA,26.8,NA,NA,27.0,NA,NA,27.8,NA,NA,30.5,NA,NA
1,Bu,2601,15.2,NA,NA,17.9,NA,NA,21.0,7,NA,NA,NA,NA,NA,NA,NA,NA,NA,NA,NA,NA,NA,NA,NA,NA,NA,NA,NA
1,Bu,2602,10.2,NA,NA,10.6,NA,NA,11.4,NA,NA,12.8,NA,NA,13.4,NA,NA,13.5,NA,NA,13.5,NA,NA,14.6,NA,NA,16.4,NA,NA
1,Bu,2603,14.6,NA,NA,17.7,NA,NA,22.6,NA,NA,28.0,NA,NA,34.1,NA,NA,36.3,NA,NA,36.6,6,NA,NA,NA,NA,NA,NA,NA
1,Bu,2604,7.6,NA,NA,8.2,4,NA,NA,NA,NA,NA,NA,NA,NA,NA,NA,NA,NA,NA,NA,NA,NA,NA,NA,NA,NA,NA,NA
1,Bu,2605,9.6,NA,NA,9.6,NA,NA,9.6,NA,NA,9.6,NA,NA,9.7,NA,NA,9.9,5,NA,NA,NA,NA,NA,NA,NA,NA,NA,NA
1,Bu,2606,11.8,NA,NA,12.5,NA,NA,12.5,NA,NA,13.8,NA,NA,14.3,NA,NA,14.3,NA,NA,14.4,NA,NA,14.9,NA,NA,16.1,NA,NA
1,Bu,2607,14.8,NA,NA,15.8,NA,NA,16.5,NA,NA,19.0,NA,NA,22.3,NA,NA,23.9,NA,NA,25.0,NA,NA,26.9,NA,NA,29.7,NA,NA
1,Bu,2608,11.9,NA,NA,12.1,NA,NA,12.2,NA,NA,14.8,NA,NA,16.0,NA,NA,16.1,NA,NA,16.0,2,NA,NA,NA,NA,NA,NA,NA
1,Bu,2609,18.5,NA,NA,19.4,NA,NA,21.1,NA,NA,25.2,NA,NA,31.4,NA,NA,34.7,NA,NA,36.0,NA,NA,38.3,NA,NA,44.2,NA,NA
1,Bu,2610,15.5,NA,NA,17.6,7,23.3,NA,NA,NA,NA,NA,NA,NA,NA,NA,NA,NA,NA,NA,NA,NA,NA,NA,NA,NA,NA,NA
1,Bu,2611,21.9,NA,NA,25.4,NA,NA,31.4,NA,NA,37.7,NA,NA,42.6,NA,NA,45.6,NA,NA,46.8,3,NA,NA,NA,NA,NA,NA,NA
1,Bu,2701,35.6,NA,25.0,39.5,NA,NA,44.6,7,NA,NA,NA,NA,NA,NA,NA,NA,NA,NA,NA,NA,NA,NA,NA,NA,NA,NA,NA
1,Bu,2702,30.9,NA,24.5,34.7,NA,NA,40.0,NA,NA,47.2,NA,NA,53.5,NA,NA,57.5,NA,NA,58.1,NA,NA,59.2,NA,NA,62.8,NA,NA
1,Bu,2703,10.1,NA,NA,10.3,NA,NA,10.7,NA,NA,12.3,NA,NA,13.4,NA,NA,13.5,NA,NA,13.3,NA,NA,13.4,NA,NA,14.3,NA,NA
1,Bu,2704,15.4,NA,16.5,18.8,NA,NA,23.5,NA,NA,29.4,NA,NA,36.1,NA,NA,40.7,NA,NA,42.3,NA,NA,44.5,NA,NA,47.9,NA,NA
1,Bu,2705,9.4,NA,NA,9.4,NA,NA,9.4,NA,NA,10.7,NA,NA,10.6,1,NA,NA,NA,NA,NA,NA,NA,NA,NA,NA,NA,NA,NA
1,Bu,2706,14.1,NA,NA,14.8,NA,NA,14.7,NA,NA,15.4,NA,NA,15.8,NA,NA,15.8,NA,NA,15.8,NA,NA,16.0,NA,NA,16.1,NA,NA
1,Bu,2707,13.6,NA,NA,14.0,NA,NA,13.8,NA,NA,14.4,NA,NA,15.0,NA,NA,15.1,NA,NA,15.1,NA,NA,14.9,NA,NA,15.4,NA,NA
1,Bu,2708,8.4,NA,NA,8.5,1,NA,NA,NA,NA,NA,NA,NA,NA,NA,NA,NA,NA,NA,NA,NA,NA,NA,NA,NA,NA,NA,NA
1,Bu,2709,14.6,NA,NA,14.8,NA,NA,15.0,NA,NA,17.8,NA,NA,21.0,NA,NA,21.8,NA,NA,21.7,NA,NA,21.5,NA,NA,22.8,NA,NA
1,Bu,2801,39.0,NA,NA,42.3,7,25.6,NA,NA,NA,NA,NA,NA,NA,NA,NA,NA,NA,NA,NA,NA,NA,NA,NA,NA,NA,NA,NA
1,Bu,2802,32.7,NA,NA,36.2,NA,NA,43.3,1,NA,NA,NA,NA,NA,NA,NA,NA,NA,NA,NA,NA,NA,NA,NA,NA,NA,NA,NA
1,Bu,2803,12.0,NA,NA,12.0,NA,NA,12.0,NA,NA,13.9,NA,NA,14.8,NA,NA,14.9,NA,NA,14.9,NA,NA,15.1,NA,NA,15.9,NA,NA
1,Bu,2804,20.4,NA,NA,21.6,NA,NA,22.8,NA,NA,24.0,NA,NA,26.3,NA,NA,26.9,NA,NA,26.9,NA,30.0,27.7,NA,NA,29.6,NA,NA
1,Bu,2901,30.3,NA,23.0,32.9,NA,NA,37.8,NA,NA,43.2,NA,NA,47.6,NA,NA,50.6,NA,NA,51.9,NA,NA,52.9,NA,NA,55.6,NA,NA
1,Bu,2902,22.4,NA,NA,23.6,7,24.8,NA,NA,NA,NA,NA,NA,NA,NA,NA,NA,NA,NA,NA,NA,NA,NA,NA,NA,NA,NA,NA
1,Bu,2903,17.7,NA,16.0,18.4,NA,NA,20.0,NA,NA,21.2,NA,NA,22.9,NA,NA,23.2,NA,NA,23.3,NA,NA,23.4,NA,NA,24.4,NA,NA
1,Bu,2904,15.5,NA,16.5,15.6,NA,NA,15.8,1,NA,NA,NA,NA,NA,NA,NA,NA,NA,NA,NA,NA,NA,NA,NA,NA,NA,NA,NA
1,Bu,2905,18.0,NA,18.0,19.5,NA,NA,22.2,NA,NA,25.0,NA,NA,27.4,NA,NA,28.6,NA,NA,28.8,NA,NA,29.8,NA,NA,31.9,NA,NA
1,Bu,2906,8.6,NA,NA,8.6,NA,NA,8.7,NA,NA,9.5,NA,NA,9.9,NA,NA,10.0,NA,NA,10.0,NA,NA,10.4,NA,NA,11.2,NA,NA
1,Bu,2907,18.4,NA,17.5,19.7,NA,NA,21.5,NA,NA,23.8,NA,NA,25.3,NA,NA,26.1,NA,NA,25.7,NA,NA,26.9,NA,NA,28.2,NA,NA
1,Bu,2908,37.4,NA,NA,41.1,NA,NA,47.9,NA,NA,53.6,NA,32.3,58.9,NA,32.5,63.0,NA,35.3,63.7,3,34.5,NA,NA,NA,NA,NA,NA
1,Bu,3001,12.1,NA,NA,12.5,NA,NA,13.4,NA,NA,13.6,NA,NA,13.5,NA,NA,13.5,NA,NA,13.4,NA,NA,14.1,NA,NA,16.6,NA,NA
1,Bu,3002,13.0,NA,NA,13.2,NA,NA,15.6,NA,NA,16.0,NA,NA,16.0,1,NA,NA,NA,NA,NA,NA,NA,NA,NA,NA,NA,NA,NA
1,Bu,3003,14.2,NA,NA,15.1,NA,NA,16.5,7,NA,NA,NA,NA,NA,NA,NA,NA,NA,NA,NA,NA,NA,NA,NA,NA,NA,NA,NA
1,Bu,3004,10.2,NA,NA,10.2,NA,NA,11.0,NA,NA,10.5,5,NA,NA,NA,NA,NA,NA,NA,NA,NA,NA,NA,NA,NA,NA,NA,NA
1,Bu,3005,14.6,NA,NA,16.2,NA,NA,19.7,NA,NA,21.8,NA,NA,22.7,NA,NA,23.4,NA,NA,23.2,2,NA,NA,NA,NA,NA,NA,NA
1,Bu,3006,6.4,NA,NA,6.4,NA,NA,7.6,NA,NA,7.4,NA,NA,7.6,NA,NA,7.6,5,NA,NA,NA,NA,NA,NA,NA,NA,NA,NA
1,Bu,3007,11.6,NA,NA,11.6,NA,NA,14.0,NA,NA,14.3,NA,NA,14.3,NA,NA,14.4,NA,NA,14.3,NA,NA,14.9,3,NA,NA,NA,NA
1,Bu,3008,55.2,NA,NA,60.8,7,NA,NA,NA,NA,NA,NA,NA,NA,NA,NA,NA,NA,NA,NA,NA,NA,NA,NA,NA,NA,NA,NA
1,Bu,3009,10.9,NA,NA,13.3,NA,NA,18.2,NA,NA,23.1,NA,NA,26.1,NA,NA,27.7,NA,NA,28.1,NA,NA,29.4,NA,NA,33.4,NA,NA
1,Bu,3010,7.1,NA,NA,7.2,1,NA,NA,NA,NA,NA,NA,NA,NA,NA,NA,NA,NA,NA,NA,NA,NA,NA,NA,NA,NA,NA,NA
1,Bu,3011,11.5,NA,NA,14.5,NA,NA,19.2,NA,NA,23.8,NA,NA,26.3,NA,NA,27.4,1,NA,NA,NA,NA,NA,NA,NA,NA,NA,NA
1,Bu,3101,20.8,NA,22.0,23.1,NA,NA,26.2,NA,NA,28.9,7,NA,NA,NA,NA,NA,NA,NA,NA,NA,NA,NA,NA,NA,NA,NA,NA
1,Bu,3102,26.0,NA,21.5,27.6,NA,NA,30.6,NA,NA,33.2,NA,NA,37.5,NA,NA,40.3,NA,NA,40.7,NA,NA,42.2,NA,NA,45.4,NA,NA
1,Bu,3103,23.4,NA,23.0,25.6,NA,NA,29.2,NA,NA,32.6,NA,NA,35.9,NA,NA,38.0,NA,NA,38.3,NA,NA,39.7,NA,NA,42.0,NA,NA
1,Bu,3104,22.4,NA,NA,24.8,NA,NA,27.7,NA,NA,30.6,4,NA,NA,NA,NA,NA,NA,NA,NA,NA,NA,NA,NA,NA,NA,NA,NA
1,Bu,3105,19.3,NA,NA,21.0,NA,NA,25.6,NA,NA,29.6,NA,NA,32.5,NA,NA,34.0,NA,NA,34.4,NA,NA,35.8,3,NA,NA,NA,NA
1,Bu,3106,14.1,NA,NA,14.2,7,20.5,NA,NA,NA,NA,NA,NA,NA,NA,NA,NA,NA,NA,NA,NA,NA,NA,NA,NA,NA,NA,NA
1,Bu,3107,22.4,NA,NA,25.4,NA,NA,31.6,NA,NA,35.5,NA,NA,40.0,NA,NA,43.8,NA,NA,43.3,3,NA,NA,NA,NA,NA,NA,NA
1,Bu,3201,16.4,NA,NA,17.0,NA,NA,18.6,NA,NA,19.5,NA,NA,21.0,NA,NA,21.5,NA,NA,21.8,NA,NA,23.5,NA,NA,25.9,NA,NA
2,Es,3202,34.8,NA,31.0,37.8,7,NA,NA,NA,NA,NA,NA,NA,NA,NA,NA,NA,NA,NA,NA,NA,NA,NA,NA,NA,NA,NA,NA
2,Es,3203,37.2,NA,26.5,40.0,NA,NA,45.2,NA,30.5,51.0,NA,31.5,55.9,NA,35.9,61.7,NA,42.1,61.7,NA,37.0,61.2,NA,NA,65.5,NA,NA
3,Ah,3204,22.7,NA,NA,22.8,NA,NA,23.6,NA,24.5,23.9,4,25.2,NA,NA,NA,NA,NA,NA,NA,NA,NA,NA,NA,NA,NA,NA,NA
2,Es,3205,22.2,NA,24.0,23.2,NA,NA,24.2,7,NA,NA,NA,NA,NA,NA,NA,NA,NA,NA,NA,NA,NA,NA,NA,NA,NA,NA,NA
1,Bu,3206,12.5,NA,NA,12.5,NA,NA,13.0,NA,NA,13.1,NA,NA,13.4,NA,NA,13.5,NA,NA,13.3,NA,NA,12.8,NA,NA,13.7,NA,NA
1,Bu,3207,15.2,NA,NA,15.4,NA,NA,16.9,NA,NA,18.0,NA,NA,19.4,NA,NA,20.0,NA,NA,19.9,NA,NA,20.8,NA,NA,22.3,NA,NA
1,Bu,3208,31.7,NA,NA,34.1,7,28.3,NA,NA,NA,NA,NA,NA,NA,NA,NA,NA,NA,NA,NA,NA,NA,NA,NA,NA,NA,NA,NA
2,Es,3301,29.8,NA,NA,32.6,NA,NA,36.5,NA,NA,40.5,NA,NA,44.5,NA,NA,47.0,NA,NA,47.9,NA,NA,49.1,NA,NA,51.7,NA,NA
2,Es,3302,21.6,NA,NA,22.7,7,25.0,NA,NA,NA,NA,NA,NA,NA,NA,NA,NA,NA,NA,NA,NA,NA,NA,NA,NA,NA,NA,NA
2,Es,3303,30.4,NA,NA,32.6,NA,NA,37.4,NA,NA,42.4,4,NA,NA,NA,NA,NA,NA,NA,NA,NA,NA,NA,NA,NA,NA,NA,NA
3,Ah,3304,35.4,NA,NA,35.6,7,28.3,NA,NA,NA,NA,NA,NA,NA,NA,NA,NA,NA,NA,NA,NA,NA,NA,NA,NA,NA,NA,NA
2,Es,3305,35.8,NA,NA,37.7,NA,NA,43.9,NA,NA,47.9,NA,NA,51.6,NA,NA,54.7,NA,NA,56.0,NA,NA,57.2,NA,NA,61.3,NA,NA
3,Ah,3306,28.8,NA,NA,30.0,NA,NA,32.3,NA,NA,33.2,NA,NA,34.8,NA,NA,35.4,NA,NA,35.4,NA,NA,35.8,NA,NA,37.2,NA,NA
1,Bu,3307,7.5,NA,NA,8.9,NA,NA,10.2,NA,NA,10.4,NA,NA,11.0,NA,NA,11.4,NA,NA,11.4,NA,NA,11.4,NA,NA,13.2,2,NA
2,Es,3308,36.0,NA,NA,38.1,NA,NA,41.9,NA,NA,45.2,NA,NA,48.4,NA,NA,50.0,NA,NA,50.6,NA,NA,50.3,NA,NA,52.2,NA,NA
1,Bu,3309,7.3,NA,NA,7.3,NA,NA,7.8,NA,NA,7.6,1,NA,NA,NA,NA,NA,NA,NA,NA,NA,NA,NA,NA,NA,NA,NA,NA
1,Bu,3401,19.8,NA,NA,19.9,1,19.3,NA,NA,NA,NA,NA,NA,NA,NA,NA,NA,NA,NA,NA,NA,NA,NA,NA,NA,NA,NA,NA
1,Bu,3402,20.4,NA,NA,21.4,7,22.6,NA,NA,NA,NA,NA,NA,NA,NA,NA,NA,NA,NA,NA,NA,NA,NA,NA,NA,NA,NA,NA
3,Ah,3403,17.2,NA,NA,18.6,1,NA,NA,NA,NA,NA,NA,NA,NA,NA,NA,NA,NA,NA,NA,NA,NA,NA,NA,NA,NA,NA,NA
1,Bu,3404,15.4,NA,NA,16.8,NA,NA,19.4,NA,NA,21.0,NA,NA,22.7,NA,NA,23.6,NA,NA,23.7,NA,NA,24.9,NA,NA,26.7,NA,NA
2,Es,3405,27.7,NA,NA,36.8,NA,NA,36.8,NA,NA,42.5,NA,NA,46.1,NA,NA,48.4,NA,NA,49.0,3,NA,NA,NA,NA,NA,NA,NA
1,Bu,3406,26.2,NA,19.5,28.5,NA,NA,30.8,NA,NA,32.7,NA,NA,34.5,NA,NA,35.5,NA,NA,35.4,NA,NA,36.0,NA,NA,38.3,2,NA
1,Bu,3407,12.8,NA,14.5,13.5,NA,NA,13.7,NA,NA,13.7,4,NA,NA,NA,NA,NA,NA,NA,NA,NA,NA,NA,NA,NA,NA,NA,NA
3,Ah,3501,18.6,NA,NA,21.0,7,NA,NA,NA,NA,NA,NA,NA,NA,NA,NA,NA,NA,NA,NA,NA,NA,NA,NA,NA,NA,NA,NA
3,Ah,3502,17.6,NA,NA,19.6,NA,NA,20.4,1,27.0,NA,NA,NA,NA,NA,NA,NA,NA,NA,NA,NA,NA,NA,NA,NA,NA,NA,NA
3,Ah,3503,19.0,NA,NA,20.5,NA,NA,21.4,NA,NA,23.8,NA,NA,25.8,NA,NA,27.3,NA,NA,27.0,NA,NA,27.5,NA,NA,28.5,NA,NA
1,Bu,3504,9.1,1,NA,NA,NA,NA,NA,NA,NA,NA,NA,NA,NA,NA,NA,NA,NA,NA,NA,NA,NA,NA,NA,NA,NA,NA,NA
1,Bu,3505,18.3,NA,NA,19.4,NA,NA,21.6,NA,NA,24.0,NA,29.8,27.3,NA,29.9,29.2,NA,31.7,29.7,NA,32.5,31.2,NA,NA,33.1,NA,NA
1,Bu,3506,21.5,NA,18.5,24.9,NA,NA,29.9,NA,NA,34.5,NA,NA,39.4,NA,NA,42.3,NA,NA,42.9,NA,NA,46.4,NA,NA,48.8,NA,NA
3,Ah,3507,9.4,NA,NA,9.4,1,NA,NA,NA,NA,NA,NA,NA,NA,NA,NA,NA,NA,NA,NA,NA,NA,NA,NA,NA,NA,NA,NA
3,Ah,3508,9.8,NA,NA,9.8,1,NA,NA,NA,NA,NA,NA,NA,NA,NA,NA,NA,NA,NA,NA,NA,NA,NA,NA,NA,NA,NA,NA
1,Bu,3601,19.1,NA,NA,21.0,NA,NA,22.8,1,NA,NA,NA,NA,NA,NA,NA,NA,NA,NA,NA,NA,NA,NA,NA,NA,NA,NA,NA
1,Bu,3602,47.6,NA,NA,53.2,NA,NA,56.4,7,28.0,NA,NA,NA,NA,NA,NA,NA,NA,NA,NA,NA,NA,NA,NA,NA,NA,NA,NA
1,Bu,3701,8.0,NA,NA,9.8,1,NA,NA,NA,NA,NA,NA,NA,NA,NA,NA,NA,NA,NA,NA,NA,NA,NA,NA,NA,NA,NA,NA
1,Bu,3702,13.7,NA,NA,14.1,NA,NA,14.2,NA,NA,15.0,NA,NA,15.9,NA,NA,16.2,NA,NA,16.5,NA,NA,16.8,NA,NA,17.0,NA,19.3
1,Bu,3703,8.7,NA,NA,8.7,NA,NA,10.2,NA,NA,10.7,NA,NA,11.0,NA,NA,11.1,NA,NA,11.1,NA,NA,11.1,NA,NA,11.7,NA,16.3
1,Bu,3704,11.6,NA,NA,12.3,NA,NA,12.7,NA,NA,13.2,NA,NA,13.1,NA,NA,13.2,NA,NA,16.0,NA,NA,16.3,3,NA,NA,NA,NA
1,Bu,3705,12.2,NA,NA,13.5,NA,NA,13.7,NA,17.5,13.6,NA,18.1,13.8,NA,19.1,14.1,5,NA,NA,NA,NA,NA,NA,NA,NA,NA,NA
1,Bu,3706,34.1,NA,NA,38.0,NA,NA,44.2,NA,NA,50.5,NA,NA,56.9,NA,NA,61.9,NA,NA,62.6,NA,NA,65.4,NA,NA,67.6,NA,NA
1,Bu,3707,8.5,NA,NA,9.0,NA,NA,10.4,NA,NA,12.9,NA,NA,14.3,NA,NA,14.2,NA,NA,14.4,NA,NA,14.6,NA,NA,15.3,NA,NA
1,Bu,3711,NA,NA,NA,NA,NA,NA,NA,NA,NA,NA,NA,NA,NA,NA,NA,NA,NA,NA,NA,NA,NA,NA,NA,NA,7.1,NA,NA
1,Bu,3801,30.4,NA,NA,32.6,NA,NA,35.8,NA,29.5,40.4,NA,30.7,45.5,NA,32.0,48.1,NA,35.2,48.5,NA,33.5,50.3,NA,NA,52.8,NA,36.7
1,Bu,3802,7.9,NA,NA,7.9,NA,NA,8.2,NA,NA,8.6,NA,NA,8.8,NA,NA,9.0,7,NA,NA,NA,NA,NA,NA,NA,NA,NA,NA
1,Bu,3803,12.0,NA,NA,12.2,NA,NA,13.0,NA,NA,13.6,NA,NA,14.0,NA,19.8,14.1,NA,20.4,14.1,NA,19.0,13.9,NA,NA,15.1,NA,NA
1,Bu,3804,24.6,NA,NA,27.2,NA,NA,30.1,NA,31.5,32.5,NA,30.5,35.6,NA,33.4,37.2,NA,36.5,37.6,3,33.0,NA,NA,NA,NA,NA,NA
2,Es,3805,18.8,NA,NA,20.0,NA,NA,21.6,7,27.0,NA,NA,NA,NA,NA,NA,NA,NA,NA,NA,NA,NA,NA,NA,NA,NA,NA,NA
2,Es,3806,16.3,NA,NA,17.9,7,22.3,NA,NA,NA,NA,NA,NA,NA,NA,NA,NA,NA,NA,NA,NA,NA,NA,NA,NA,NA,NA,NA
1,Bu,3807,9.2,NA,NA,9.2,NA,NA,9.4,NA,NA,9.5,NA,NA,9.6,3,NA,NA,NA,NA,NA,NA,NA,NA,NA,NA,NA,NA,NA
2,Es,3808,11.2,NA,NA,12.0,NA,NA,12.3,1,NA,NA,NA,NA,NA,NA,NA,NA,NA,NA,NA,NA,NA,NA,NA,NA,NA,NA,NA
1,Bu,3809,11.2,NA,NA,11.6,NA,NA,12.0,NA,NA,12.1,NA,NA,12.4,NA,NA,12.5,NA,NA,12.5,NA,NA,12.5,NA,NA,12.9,NA,16.3
1,Bu,3810,10.6,NA,NA,11.1,NA,NA,12.6,NA,19.5,14.9,NA,NA,16.6,NA,NA,17.3,NA,NA,17.0,NA,NA,18.6,NA,NA,20.7,NA,NA
1,Bu,3811,23.4,NA,NA,26.9,NA,NA,32.1,NA,NA,36.6,NA,NA,42.5,NA,NA,45.3,NA,NA,45.9,3,NA,NA,NA,NA,NA,NA,NA
1,Bu,3812,12.9,NA,NA,13.5,NA,NA,14.1,NA,NA,14.4,4,NA,NA,NA,NA,NA,NA,NA,NA,NA,NA,NA,NA,NA,NA,NA,NA
1,Bu,3813,6.9,NA,NA,6.9,NA,NA,7.4,NA,NA,7.2,NA,NA,7.4,NA,NA,7.4,5,NA,NA,NA,NA,NA,NA,NA,NA,NA,NA
1,Bu,3814,22.8,NA,NA,24.8,NA,NA,27.3,NA,29.5,30.9,NA,30.9,35.1,NA,31.1,37.1,NA,34.1,37.4,NA,NA,38.9,NA,NA,40.5,NA,31.8
1,Bu,3901,21.0,NA,NA,22.6,7,23.3,NA,NA,NA,NA,NA,NA,NA,NA,NA,NA,NA,NA,NA,NA,NA,NA,NA,NA,NA,NA,NA
1,Bu,3902,22.8,NA,NA,25.4,NA,NA,29.4,NA,NA,32.1,NA,NA,35.3,NA,NA,37.2,NA,NA,37.6,NA,NA,38.3,NA,NA,39.9,NA,NA
1,Bu,3903,24.6,NA,NA,27.6,NA,NA,31.5,NA,31.0,34.4,NA,32.6,37.6,NA,34.0,39.4,NA,36.2,39.8,NA,34.5,40.8,NA,NA,42.4,NA,NA
1,Bu,3904,14.0,NA,NA,14.1,NA,NA,14.2,5,NA,NA,NA,NA,NA,NA,NA,NA,NA,NA,NA,NA,NA,NA,NA,NA,NA,NA,NA
1,Bu,3905,23.4,NA,NA,25.9,NA,NA,28.8,NA,NA,30.9,NA,NA,33.2,NA,NA,34.7,NA,NA,34.8,3,NA,NA,NA,NA,NA,NA,NA
1,Bu,3906,27.5,NA,NA,31.3,NA,NA,35.8,NA,NA,39.8,NA,NA,43.0,NA,NA,44.2,NA,NA,44.4,NA,NA,45.3,NA,NA,46.7,NA,NA
1,Bu,3907,16.7,NA,NA,18.1,NA,NA,18.8,7,NA,NA,NA,NA,NA,NA,NA,NA,NA,NA,NA,NA,NA,NA,NA,NA,NA,NA,NA
1,Bu,3908,13.2,NA,NA,13.7,NA,NA,13.8,NA,18.5,13.4,NA,18.1,13.6,NA,19.2,13.6,NA,NA,13.6,NA,NA,13.6,NA,NA,14.3,NA,NA
1,Bu,3909,9.2,NA,NA,9.2,NA,NA,9.2,NA,NA,9.2,5,NA,NA,NA,NA,NA,NA,NA,NA,NA,NA,NA,NA,NA,NA,NA,NA
1,Bu,11001,32.8,NA,NA,35.6,NA,NA,39.8,NA,NA,44.8,NA,NA,48.7,NA,NA,52.2,NA,NA,51.4,NA,NA,53.0,NA,NA,54.2,NA,NA
1,Bu,11002,11.8,NA,NA,11.9,NA,NA,11.8,7,NA,NA,NA,NA,NA,NA,NA,NA,NA,NA,NA,NA,NA,NA,NA,NA,NA,NA,NA
1,Bu,11003,9.3,1,NA,NA,NA,NA,NA,NA,NA,NA,NA,NA,NA,NA,NA,NA,NA,NA,NA,NA,NA,NA,NA,NA,NA,NA,NA
2,Es,11004,22.8,NA,NA,23.8,1,26.8,NA,NA,NA,NA,NA,NA,NA,NA,NA,NA,NA,NA,NA,NA,NA,NA,NA,NA,NA,NA,NA
2,Es,11005,17.4,NA,18.5,17.9,1,23.5,NA,NA,NA,NA,NA,NA,NA,NA,NA,NA,NA,NA,NA,NA,NA,NA,NA,NA,NA,NA,NA
1,Bu,11006,25.3,NA,NA,27.9,NA,NA,32.5,NA,NA,38.0,NA,NA,42.0,NA,NA,44.9,NA,NA,45.3,NA,NA,46.6,NA,NA,48.9,NA,33.9
1,Bu,11007,12.4,NA,NA,12.5,NA,NA,13.8,NA,NA,16.2,NA,NA,17.9,NA,NA,18.3,NA,NA,18.5,NA,NA,18.8,NA,NA,20.8,2,NA
1,Bu,11101,25.0,NA,NA,27.5,NA,NA,31.5,7,NA,NA,NA,NA,NA,NA,NA,NA,NA,NA,NA,NA,NA,NA,NA,NA,NA,NA,NA
1,Bu,11102,32.2,NA,NA,34.5,NA,NA,39.8,NA,NA,45.6,NA,NA,50.3,NA,NA,53.2,NA,NA,54.0,3,NA,NA,NA,NA,NA,NA,NA
1,Bu,11103,21.1,NA,NA,22.0,7,27.3,NA,NA,NA,NA,NA,NA,NA,NA,NA,NA,NA,NA,NA,NA,NA,NA,NA,NA,NA,NA,NA
1,Bu,11104,13.6,NA,NA,13.6,NA,NA,13.5,NA,NA,14.0,NA,NA,14.5,NA,NA,14.5,NA,NA,14.5,NA,NA,14.4,NA,NA,14.6,NA,NA
1,Bu,11105,19.8,NA,NA,20.4,NA,NA,22.0,NA,NA,24.6,NA,NA,26.6,NA,NA,27.8,NA,NA,28.1,NA,NA,29.0,NA,NA,30.4,NA,NA
1,Bu,11106,27.2,NA,NA,30.3,NA,NA,34.4,NA,NA,39.5,NA,NA,44.0,NA,NA,47.1,NA,NA,48.1,NA,NA,49.8,NA,NA,51.8,NA,NA
1,Bu,11107,9.7,1,NA,NA,NA,NA,NA,NA,NA,NA,NA,NA,NA,NA,NA,NA,NA,NA,NA,NA,NA,NA,NA,NA,NA,NA,NA
2,Es,11108,21.0,NA,NA,22.0,7,26.0,NA,NA,NA,NA,NA,NA,NA,NA,NA,NA,NA,NA,NA,NA,NA,NA,NA,NA,NA,NA,NA
2,Es,11109,21.4,NA,24.5,23.0,1,26.3,NA,NA,NA,NA,NA,NA,NA,NA,NA,NA,NA,NA,NA,NA,NA,NA,NA,NA,NA,NA,NA
1,Bu,11111,NA,NA,NA,NA,NA,NA,NA,NA,NA,NA,NA,NA,NA,NA,NA,NA,NA,NA,NA,NA,NA,NA,NA,NA,9.0,NA,NA
1,Bu,11201,32.4,NA,NA,36.1,7,28.6,NA,NA,NA,NA,NA,NA,NA,NA,NA,NA,NA,NA,NA,NA,NA,NA,NA,NA,NA,NA,NA
1,Bu,11202,9.4,NA,NA,9.6,7,13.3,NA,NA,NA,NA,NA,NA,NA,NA,NA,NA,NA,NA,NA,NA,NA,NA,NA,NA,NA,NA,NA
1,Bu,11203,8.4,NA,NA,8.5,NA,NA,8.6,NA,NA,9.4,NA,NA,10.0,NA,NA,10.3,NA,NA,10.0,NA,NA,10.1,NA,NA,10.2,NA,NA
1,Bu,11204,13.5,NA,NA,13.8,NA,NA,13.8,NA,NA,14.2,NA,NA,14.6,NA,NA,14.8,NA,NA,14.7,NA,NA,14.8,NA,NA,15.8,NA,NA
1,Bu,11205,20.7,NA,NA,21.9,NA,NA,23.1,NA,NA,24.7,7,NA,NA,NA,NA,NA,NA,NA,NA,NA,NA,NA,NA,NA,NA,NA,NA
1,Bu,11206,26.2,NA,NA,29.1,NA,NA,33.4,NA,NA,38.4,NA,NA,42.7,NA,NA,45.8,NA,NA,46.2,NA,NA,47.4,NA,NA,49.4,NA,NA
1,Bu,11207,8.9,NA,NA,9.0,NA,NA,8.9,7,NA,NA,NA,NA,NA,NA,NA,NA,NA,NA,NA,NA,NA,NA,NA,NA,NA,NA,NA
2,Es,11208,22.4,NA,22.0,24.2,NA,NA,27.2,1,NA,NA,NA,NA,NA,NA,NA,NA,NA,NA,NA,NA,NA,NA,NA,NA,NA,NA,NA
2,Es,11209,19.7,NA,22.0,21.0,7,26.5,NA,NA,NA,NA,NA,NA,NA,NA,NA,NA,NA,NA,NA,NA,NA,NA,NA,NA,NA,NA,NA
1,Bu,11210,12.0,NA,NA,12.0,7,NA,NA,NA,NA,NA,NA,NA,NA,NA,NA,NA,NA,NA,NA,NA,NA,NA,NA,NA,NA,NA,NA
1,Bu,11211,32.0,NA,NA,35.2,NA,NA,40.7,NA,NA,47.5,NA,NA,54.4,NA,NA,59.1,NA,NA,60.2,3,NA,NA,NA,NA,NA,NA,NA
1,Bu,11212,29.6,NA,NA,31.6,NA,NA,35.1,NA,NA,39.6,NA,NA,43.3,NA,NA,45.0,NA,NA,45.2,NA,NA,46.4,NA,NA,47.4,NA,37.0
2,Es,11213,22.8,NA,26.0,24.6,NA,NA,26.6,NA,NA,29.3,NA,NA,31.3,NA,NA,32.9,NA,NA,33.1,NA,NA,33.1,NA,NA,34.2,NA,30.4
1,Bu,11214,9.7,NA,NA,9.7,NA,NA,9.8,NA,NA,10.5,NA,NA,10.9,NA,NA,11.1,NA,NA,11.0,NA,NA,11.3,NA,NA,12.1,NA,NA
1,Bu,11215,10.6,NA,NA,10.7,1,14.8,NA,NA,NA,NA,NA,NA,NA,NA,NA,NA,NA,NA,NA,NA,NA,NA,NA,NA,NA,NA,NA
3,Ah,11301,22.8,NA,NA,24.0,NA,NA,25.6,NA,NA,27.0,NA,NA,29.1,NA,NA,29.7,NA,NA,29.2,NA,NA,29.3,NA,NA,29.5,NA,NA
1,Bu,11302,19.4,NA,NA,20.8,7,24.4,NA,NA,NA,NA,NA,NA,NA,NA,NA,NA,NA,NA,NA,NA,NA,NA,NA,NA,NA,NA,NA
1,Bu,11303,33.6,NA,NA,37.2,NA,NA,41.8,NA,NA,45.7,NA,NA,49.3,NA,NA,51.1,NA,NA,51.2,NA,NA,52.0,NA,NA,53.6,NA,NA
1,Bu,11304,11.8,NA,NA,11.9,1,NA,NA,NA,NA,NA,NA,NA,NA,NA,NA,NA,NA,NA,NA,NA,NA,NA,NA,NA,NA,NA,NA
1,Bu,11305,15.2,NA,NA,15.2,7,20.9,NA,NA,NA,NA,NA,NA,NA,NA,NA,NA,NA,NA,NA,NA,NA,NA,NA,NA,NA,NA,NA
1,Bu,11306,30.9,NA,NA,34.4,NA,NA,39.4,NA,NA,43.4,NA,NA,47.4,NA,NA,50.6,NA,NA,51.6,4,NA,NA,NA,NA,NA,NA,NA
1,Bu,11307,15.7,NA,NA,15.8,NA,NA,15.8,NA,NA,15.7,NA,NA,15.9,1,NA,NA,NA,NA,NA,NA,NA,NA,NA,NA,NA,NA,NA
1,Bu,11308,19.8,NA,NA,20.8,NA,NA,21.6,NA,NA,22.6,NA,NA,23.3,NA,NA,23.4,NA,NA,23.7,NA,NA,24.5,NA,NA,25.9,NA,NA
1,Bu,11311,NA,NA,NA,NA,NA,NA,NA,NA,NA,NA,NA,NA,NA,NA,NA,NA,NA,NA,NA,NA,NA,NA,NA,NA,8.3,NA,NA
2,Es,11401,26.2,NA,NA,29.3,NA,NA,34.2,NA,NA,40.2,NA,NA,46.1,NA,NA,49.7,NA,NA,50.9,NA,NA,52.5,NA,NA,55.0,NA,NA
3,Ah,11402,19.0,NA,NA,20.1,NA,NA,21.0,NA,NA,21.4,NA,NA,22.0,NA,NA,22.4,NA,NA,22.7,NA,NA,22.8,NA,NA,23.7,NA,NA
4,Hbu,11403,8.6,NA,NA,8.7,NA,NA,8.7,NA,NA,8.8,5,NA,NA,NA,NA,NA,NA,NA,NA,NA,NA,NA,NA,NA,NA,NA,NA
1,Bu,11404,11.4,NA,NA,12.1,NA,NA,12.6,NA,NA,13.2,NA,NA,13.6,NA,NA,13.9,NA,NA,13.6,NA,NA,13.9,NA,NA,15.1,NA,NA
2,Es,11405,22.0,NA,NA,25.3,NA,NA,29.5,NA,26.5,34.9,NA,28.9,39.4,NA,30.9,43.3,NA,NA,43.7,3,NA,NA,NA,NA,NA,NA,NA
1,Bu,11406,8.6,NA,NA,9.2,NA,NA,9.5,NA,NA,10.2,NA,NA,10.4,NA,NA,10.6,NA,NA,10.4,5,NA,NA,NA,NA,NA,NA,NA
1,Bu,11407,9.4,NA,NA,10.0,NA,NA,10.3,NA,NA,10.8,NA,NA,11.0,NA,NA,11.0,NA,NA,11.0,NA,NA,11.2,NA,NA,11.4,NA,NA
2,Es,11408,25.7,NA,18.0,28.0,NA,NA,31.8,7,NA,NA,NA,NA,NA,NA,NA,NA,NA,NA,NA,NA,NA,NA,NA,NA,NA,NA,NA
1,Bu,11409,12.8,NA,NA,13.3,NA,NA,13.2,NA,NA,13.8,NA,NA,13.7,NA,NA,14.1,NA,NA,14.0,NA,NA,14.1,NA,NA,14.8,NA,NA
1,Bu,11501,10.2,NA,NA,10.2,NA,NA,11.5,NA,NA,12.3,NA,NA,12.1,NA,NA,12.2,NA,NA,12.1,NA,NA,12.2,NA,NA,12.6,NA,NA
1,Bu,11502,20.8,NA,NA,23.4,NA,NA,27.4,NA,NA,31.4,NA,NA,36.4,NA,NA,38.6,NA,NA,39.3,NA,NA,40.7,NA,NA,43.5,NA,NA
1,Bu,11503,10.2,NA,NA,10.2,NA,NA,10.5,NA,NA,10.9,NA,NA,11.1,NA,NA,11.3,NA,NA,11.1,NA,NA,10.8,NA,NA,11.3,NA,NA
1,Bu,11504,12.4,NA,NA,13.2,NA,NA,14.4,NA,NA,16.2,NA,NA,16.9,NA,NA,17.4,NA,NA,16.9,NA,NA,18.1,NA,NA,18.4,NA,NA
1,Bu,11505,13.0,NA,NA,14.3,4,NA,NA,NA,NA,NA,NA,NA,NA,NA,NA,NA,NA,NA,NA,NA,NA,NA,NA,NA,NA,NA,NA
1,Bu,11506,13.8,NA,NA,14.0,NA,NA,14.3,NA,NA,14.8,NA,NA,15.0,NA,NA,15.2,NA,NA,15.1,NA,NA,15.5,NA,NA,16.5,NA,NA
1,Bu,11507,9.8,NA,NA,10.0,NA,NA,9.9,NA,NA,10.0,1,NA,NA,NA,NA,NA,NA,NA,NA,NA,NA,NA,NA,NA,NA,NA,NA
1,Bu,11508,11.7,NA,NA,12.2,NA,NA,12.4,NA,NA,12.8,NA,NA,13.1,NA,NA,13.2,NA,NA,13.1,NA,NA,13.5,NA,NA,15.2,NA,NA
1,Bu,11509,7.6,NA,NA,7.6,7,13.2,NA,NA,NA,NA,NA,NA,NA,NA,NA,NA,NA,NA,NA,NA,NA,NA,NA,NA,NA,NA,NA
1,Bu,11601,16.8,NA,NA,18.8,NA,NA,24.6,NA,NA,32.2,NA,NA,37.7,NA,NA,40.9,NA,NA,41.9,NA,NA,43.5,NA,NA,47.2,NA,NA
1,Bu,11602,7.8,NA,NA,8.4,NA,NA,11.9,NA,NA,11.7,NA,NA,11.9,NA,NA,11.9,5,NA,NA,NA,NA,NA,NA,NA,NA,NA,NA
1,Bu,11603,11.9,NA,NA,11.9,4,NA,NA,NA,NA,NA,NA,NA,NA,NA,NA,NA,NA,NA,NA,NA,NA,NA,NA,NA,NA,NA,NA
1,Bu,11604,9.2,NA,NA,9.3,NA,NA,10.7,7,NA,NA,NA,NA,NA,NA,NA,NA,NA,NA,NA,NA,NA,NA,NA,NA,NA,NA,NA
1,Bu,11605,7.0,NA,NA,7.1,NA,NA,7.6,7,NA,NA,NA,NA,NA,NA,NA,NA,NA,NA,NA,NA,NA,NA,NA,NA,NA,NA,NA
1,Bu,11606,15.0,NA,NA,16.0,5,NA,NA,NA,NA,NA,NA,NA,NA,NA,NA,NA,NA,NA,NA,NA,NA,NA,NA,NA,NA,NA,NA
1,Bu,11607,17.3,NA,NA,20.5,NA,NA,25.8,NA,NA,31.2,NA,NA,35.5,NA,NA,37.7,NA,NA,38.5,NA,NA,40.5,NA,NA,43.9,NA,NA
4,Hbu,11608,9.1,NA,NA,9.1,6,NA,NA,NA,NA,NA,NA,NA,NA,NA,NA,NA,NA,NA,NA,NA,NA,NA,NA,NA,NA,NA,NA
1,Bu,11609,12.2,NA,NA,13.2,NA,NA,14.4,NA,NA,15.2,NA,NA,15.4,NA,NA,15.4,NA,NA,15.5,NA,NA,15.9,NA,NA,17.6,NA,NA
1,Bu,21001,40.8,NA,NA,46.1,7,31.3,NA,NA,NA,NA,NA,NA,NA,NA,NA,NA,NA,NA,NA,NA,NA,NA,NA,NA,NA,NA,NA
1,Bu,21002,10.9,NA,NA,10.9,7,NA,NA,NA,NA,NA,NA,NA,NA,NA,NA,NA,NA,NA,NA,NA,NA,NA,NA,NA,NA,NA,NA
3,Ah,21003,29.0,NA,NA,30.0,NA,NA,33.8,NA,NA,37.0,NA,NA,37.0,1,NA,NA,NA,NA,NA,NA,NA,NA,NA,NA,NA,NA,NA
1,Bu,21004,23.5,NA,NA,25.3,NA,NA,29.6,NA,NA,35.4,NA,NA,42.3,NA,NA,46.7,NA,NA,47.6,NA,NA,49.1,NA,NA,52.1,NA,36.7
1,Bu,21005,15.9,NA,NA,15.9,7,19.2,NA,NA,NA,NA,NA,NA,NA,NA,NA,NA,NA,NA,NA,NA,NA,NA,NA,NA,NA,NA,NA
1,Bu,21006,10.4,NA,NA,11.1,NA,NA,11.4,NA,NA,12.5,NA,NA,13.3,NA,NA,13.5,NA,NA,13.4,NA,NA,13.6,NA,NA,15.0,NA,NA
1,Bu,21007,14.0,NA,NA,14.4,7,19.3,NA,NA,NA,NA,NA,NA,NA,NA,NA,NA,NA,NA,NA,NA,NA,NA,NA,NA,NA,NA,NA
1,Bu,21101,30.0,NA,25.0,31.5,7,28.5,NA,NA,NA,NA,NA,NA,NA,NA,NA,NA,NA,NA,NA,NA,NA,NA,NA,NA,NA,NA,NA
1,Bu,21102,8.9,NA,NA,9.0,NA,NA,9.1,NA,NA,10.1,NA,NA,11.9,NA,NA,12.4,NA,NA,12.2,NA,NA,12.4,NA,NA,14.0,2,17.4
2,Es,21103,26.0,NA,25.0,27.5,NA,NA,30.2,7,NA,NA,NA,NA,NA,NA,NA,NA,NA,NA,NA,NA,NA,NA,NA,NA,NA,NA,NA
3,Ah,21104,12.1,NA,NA,12.2,NA,NA,12.7,NA,NA,12.6,NA,NA,13.1,NA,NA,13.4,NA,NA,12.9,NA,NA,12.7,NA,NA,13.1,NA,NA
2,Es,21105,23.6,NA,NA,25.0,NA,NA,26.2,NA,NA,29.4,NA,NA,33.3,NA,NA,36.0,NA,NA,36.9,NA,NA,39.0,NA,NA,40.7,NA,NA
2,Es,21106,21.8,NA,15.5,23.1,7,27.0,NA,NA,NA,NA,NA,NA,NA,NA,NA,NA,NA,NA,NA,NA,NA,NA,NA,NA,NA,NA,NA
3,Ah,21107,19.2,NA,NA,19.6,NA,NA,19.8,NA,20.5,20.8,NA,21.5,21.4,NA,21.9,21.7,NA,NA,21.7,NA,NA,21.6,NA,NA,21.8,NA,22.1
2,Es,21108,22.8,NA,26.5,24.4,NA,NA,28.2,NA,30.0,31.2,NA,30.3,33.3,NA,30.7,35.3,NA,NA,35.7,NA,NA,36.6,NA,NA,38.1,NA,NA
2,Es,21109,19.2,NA,NA,19.9,NA,NA,20.4,NA,25.5,21.6,7,26.1,NA,NA,NA,NA,NA,NA,NA,NA,NA,NA,NA,NA,NA,NA,NA
1,Bu,21110,39.0,NA,NA,42.6,NA,NA,49.7,7,NA,NA,NA,NA,NA,NA,NA,NA,NA,NA,NA,NA,NA,NA,NA,NA,NA,NA,NA
1,Bu,21111,9.6,NA,NA,9.6,NA,NA,9.6,NA,NA,11.1,NA,NA,11.7,1,NA,NA,NA,NA,NA,NA,NA,NA,NA,NA,NA,NA,NA
1,Bu,21112,18.8,NA,NA,18.8,NA,NA,18.9,NA,NA,19.2,NA,NA,19.7,NA,NA,20.2,NA,NA,20.0,NA,NA,20.2,NA,NA,21.4,NA,18.7
2,Es,21201,21.4,NA,NA,22.3,NA,NA,23.3,7,NA,NA,NA,NA,NA,NA,NA,NA,NA,NA,NA,NA,NA,NA,NA,NA,NA,NA,NA
1,Bu,21202,21.8,NA,NA,23.8,NA,NA,25.6,1,NA,NA,NA,NA,NA,NA,NA,NA,NA,NA,NA,NA,NA,NA,NA,NA,NA,NA,NA
1,Bu,21203,18.0,NA,NA,18.1,NA,NA,18.4,NA,NA,18.9,NA,NA,19.3,NA,NA,19.6,NA,NA,19.3,NA,NA,19.5,NA,NA,21.5,NA,NA
1,Bu,21204,15.7,NA,NA,15.8,NA,NA,15.8,NA,23.0,15.9,NA,22.9,15.9,5,NA,NA,NA,NA,NA,NA,NA,NA,NA,NA,NA,NA,NA
1,Bu,21205,12.2,NA,NA,12.5,NA,NA,12.6,NA,NA,12.7,NA,NA,13.0,NA,NA,13.0,5,NA,NA,NA,NA,NA,NA,NA,NA,NA,NA
1,Bu,21206,12.0,NA,NA,12.1,NA,NA,13.0,NA,NA,14.0,NA,NA,14.8,NA,NA,15.1,NA,NA,15.1,NA,NA,15.6,NA,NA,17.2,NA,NA
1,Bu,21207,13.4,NA,NA,13.5,1,NA,NA,NA,NA,NA,NA,NA,NA,NA,NA,NA,NA,NA,NA,NA,NA,NA,NA,NA,NA,NA,NA
1,Bu,21208,23.6,NA,NA,25.7,NA,NA,29.2,NA,NA,32.3,NA,NA,35.1,NA,NA,36.7,NA,NA,36.8,NA,NA,38.3,NA,NA,40.4,NA,NA
1,Bu,21301,22.6,NA,NA,24.1,NA,NA,25.8,NA,NA,28.1,NA,NA,30.0,NA,NA,30.8,NA,NA,30.9,NA,NA,31.5,NA,NA,32.6,NA,NA
1,Bu,21302,11.8,NA,NA,12.0,7,NA,NA,NA,NA,NA,NA,NA,NA,NA,NA,NA,NA,NA,NA,NA,NA,NA,NA,NA,NA,NA,NA
1,Bu,21303,30.2,NA,NA,33.6,NA,NA,38.2,NA,NA,43.0,NA,NA,45.7,NA,NA,47.2,NA,NA,47.7,NA,NA,48.9,NA,NA,50.8,NA,NA
2,Es,21304,31.5,NA,NA,34.7,NA,NA,40.0,NA,31.0,44.6,NA,33.4,48.6,NA,35.2,51.9,NA,NA,53.1,NA,NA,54.9,NA,NA,57.5,2,NA
1,Bu,21305,9.8,NA,NA,9.8,1,NA,NA,NA,NA,NA,NA,NA,NA,NA,NA,NA,NA,NA,NA,NA,NA,NA,NA,NA,NA,NA,NA
1,Bu,21306,15.2,NA,NA,16.3,NA,NA,17.0,NA,NA,17.3,NA,NA,17.5,NA,NA,17.5,5,NA,NA,NA,NA,NA,NA,NA,NA,NA,NA
1,Bu,21307,29.0,NA,NA,32.1,NA,NA,36.0,NA,NA,40.1,NA,NA,43.9,NA,NA,46.2,NA,NA,46.1,NA,NA,47.9,NA,NA,49.7,NA,NA
1,Bu,21401,11.8,NA,NA,11.9,NA,NA,12.0,NA,NA,12.0,NA,NA,12.2,NA,NA,12.2,5,NA,NA,NA,NA,NA,NA,NA,NA,NA,NA
1,Bu,21402,32.8,NA,22.0,36.8,NA,NA,42.0,NA,NA,47.3,NA,NA,52.6,NA,NA,55.6,NA,NA,56.5,NA,NA,58.3,NA,NA,60.5,2,35.6
1,Bu,21403,23.0,NA,NA,25.0,NA,NA,27.7,7,NA,NA,NA,NA,NA,NA,NA,NA,NA,NA,NA,NA,NA,NA,NA,NA,NA,NA,NA
1,Bu,21404,20.2,NA,NA,22.3,NA,NA,25.9,NA,NA,29.6,NA,NA,35.1,NA,NA,38.1,NA,NA,39.3,NA,NA,43.5,NA,NA,43.6,NA,NA
1,Bu,21405,20.6,NA,NA,22.1,NA,NA,23.6,NA,NA,24.9,7,NA,NA,NA,NA,NA,NA,NA,NA,NA,NA,NA,NA,NA,NA,NA,NA
1,Bu,21406,20.2,NA,NA,21.6,NA,NA,23.2,NA,NA,24.8,NA,NA,26.7,NA,NA,27.7,NA,NA,27.9,NA,NA,28.6,NA,NA,29.5,NA,34.7
1,Bu,21501,8.2,NA,NA,8.3,NA,NA,8.5,NA,NA,9.4,NA,NA,9.6,NA,NA,9.7,NA,NA,9.6,NA,NA,9.8,NA,NA,10.2,NA,NA
3,Ah,21502,25.2,NA,NA,27.2,NA,NA,28.0,NA,27.0,30.3,NA,26.9,31.9,NA,NA,32.3,NA,NA,32.9,NA,NA,33.1,NA,NA,33.9,NA,30.6
1,Bu,21503,13.0,NA,NA,13.2,NA,NA,13.2,NA,NA,15.0,NA,NA,16.4,NA,NA,16.5,NA,NA,16.5,NA,NA,16.5,NA,NA,16.7,NA,NA
1,Bu,21504,27.2,NA,NA,32.0,NA,NA,38.2,1,NA,NA,NA,NA,NA,NA,NA,NA,NA,NA,NA,NA,NA,NA,NA,NA,NA,NA,NA
1,Bu,21505,12.2,1,NA,NA,NA,NA,NA,NA,NA,NA,NA,NA,NA,NA,NA,NA,NA,NA,NA,NA,NA,NA,NA,NA,NA,NA,NA
1,Bu,21506,10.6,NA,NA,10.8,1,NA,NA,NA,NA,NA,NA,NA,NA,NA,NA,NA,NA,NA,NA,NA,NA,NA,NA,NA,NA,NA,NA
1,Bu,21507,19.0,NA,NA,20.0,NA,NA,21.1,NA,NA,22.4,NA,NA,24.4,NA,NA,24.9,NA,NA,25.7,NA,NA,26.9,NA,NA,28.9,NA,NA
3,Ah,21508,36.0,NA,NA,39.2,NA,NA,43.0,NA,NA,47.1,NA,28.1,50.7,NA,29.0,53.7,NA,NA,54.7,3,NA,NA,NA,NA,NA,NA,NA
1,Bu,21509,12.6,NA,NA,12.7,1,NA,NA,NA,NA,NA,NA,NA,NA,NA,NA,NA,NA,NA,NA,NA,NA,NA,NA,NA,NA,NA,NA
3,Ah,21510,20.1,NA,NA,20.3,NA,NA,20.1,NA,21.0,20.1,5,NA,NA,NA,NA,NA,NA,NA,NA,NA,NA,NA,NA,NA,NA,NA,NA
1,Bu,21601,8.4,NA,NA,8.2,1,NA,NA,NA,NA,NA,NA,NA,NA,NA,NA,NA,NA,NA,NA,NA,NA,NA,NA,NA,NA,NA,NA
1,Bu,21602,7.3,NA,NA,7.3,NA,NA,7.5,NA,NA,7.6,1,NA,NA,NA,NA,NA,NA,NA,NA,NA,NA,NA,NA,NA,NA,NA,NA
1,Bu,21603,10.7,NA,NA,10.7,NA,NA,10.8,NA,NA,11.1,NA,NA,11.1,NA,NA,11.1,NA,NA,11.2,NA,NA,11.5,NA,NA,13.3,NA,NA
1,Bu,21604,16.2,NA,NA,16.5,NA,NA,16.4,NA,NA,16.5,4,NA,NA,NA,NA,NA,NA,NA,NA,NA,NA,NA,NA,NA,NA,NA,NA
1,Bu,21605,39.5,NA,NA,43.7,NA,NA,50.6,NA,NA,55.8,NA,30.5,59.4,NA,33.3,62.0,NA,NA,62.4,3,NA,NA,NA,NA,NA,NA,NA
1,Bu,21606,15.7,NA,NA,15.7,NA,NA,16.0,NA,NA,15.9,7,NA,NA,NA,NA,NA,NA,NA,NA,NA,NA,NA,NA,NA,NA,NA,NA
3,Ah,21607,25.1,NA,NA,26.5,NA,NA,28.9,NA,25.0,29.1,7,26.0,NA,NA,NA,NA,NA,NA,NA,NA,NA,NA,NA,NA,NA,NA,NA
1,Bu,21608,17.8,NA,NA,19.1,NA,NA,19.7,NA,NA,20.6,NA,NA,22.2,NA,NA,22.6,NA,NA,22.7,NA,NA,23.5,NA,NA,26.8,NA,NA
2,Es,21609,31.5,NA,21.0,36.0,NA,NA,42.0,NA,31.0,48.2,NA,31.0,54.0,NA,34.4,58.2,NA,NA,59.2,NA,NA,61.4,NA,NA,64.3,2,36.2
2,Es,21610,21.6,NA,19.5,24.6,7,25.7,NA,NA,NA,NA,NA,NA,NA,NA,NA,NA,NA,NA,NA,NA,NA,NA,NA,NA,NA,NA,NA
3,Ah,21611,28.0,NA,NA,28.9,NA,NA,29.8,NA,26.5,29.6,NA,26.7,29.8,NA,28.7,30.3,NA,NA,30.2,NA,NA,30.4,NA,NA,32.4,NA,NA
1,Bu,31001,22.7,NA,NA,23.7,NA,NA,26.0,NA,NA,27.7,NA,NA,30.1,NA,NA,31.1,NA,NA,31.3,NA,NA,31.7,NA,NA,32.6,NA,34.6
1,Bu,31002,33.4,NA,NA,36.1,NA,NA,41.0,NA,NA,45.4,NA,NA,50.4,NA,NA,54.0,NA,NA,55.2,NA,NA,57.0,NA,NA,60.1,NA,NA
1,Bu,31003,20.0,NA,NA,20.6,NA,NA,21.0,NA,NA,20.8,7,NA,NA,NA,NA,NA,NA,NA,NA,NA,NA,NA,NA,NA,NA,NA,NA
1,Bu,31004,14.6,NA,NA,14.8,NA,NA,15.0,NA,NA,15.0,7,NA,NA,NA,NA,NA,NA,NA,NA,NA,NA,NA,NA,NA,NA,NA,NA
1,Bu,31005,40.0,NA,NA,44.1,NA,NA,48.3,NA,NA,52.0,NA,NA,54.9,NA,NA,56.2,NA,NA,56.2,NA,NA,56.5,NA,NA,57.9,2,NA
1,Bu,31101,14.8,NA,16.5,15.1,NA,NA,15.8,NA,17.5,16.6,NA,17.0,17.6,NA,19.4,18.0,NA,NA,17.9,NA,NA,18.8,NA,NA,20.5,NA,21.5
1,Bu,31102,30.0,NA,NA,32.8,NA,NA,38.3,NA,NA,44.0,NA,NA,49.3,NA,NA,53.6,NA,NA,54.2,NA,NA,56.1,NA,NA,58.1,NA,NA
1,Bu,31103,24.6,NA,NA,26.6,7,27.8,NA,NA,NA,NA,NA,NA,NA,NA,NA,NA,NA,NA,NA,NA,NA,NA,NA,NA,NA,NA,NA
3,Ah,31104,23.2,NA,NA,24.0,NA,NA,25.4,NA,26.0,26.3,NA,27.8,26.9,NA,28.8,26.7,NA,NA,26.8,5,NA,NA,NA,NA,NA,NA,NA
1,Bu,31105,35.2,NA,NA,37.9,7,27.0,NA,NA,NA,NA,NA,NA,NA,NA,NA,NA,NA,NA,NA,NA,NA,NA,NA,NA,NA,NA,NA
3,Ah,31107,27.8,NA,NA,28.4,NA,NA,30.8,NA,NA,32.7,NA,28.4,35.9,NA,29.3,37.5,NA,NA,37.9,NA,NA,38.5,NA,NA,39.7,NA,NA
3,Ah,31108,27.4,NA,NA,28.0,NA,NA,29.8,NA,NA,30.6,NA,28.3,32.0,NA,28.8,32.3,NA,NA,32.4,NA,NA,33.8,NA,NA,35.4,NA,NA
1,Bu,31109,34.2,NA,NA,37.0,NA,NA,43.8,NA,NA,51.0,NA,31.4,55.6,NA,NA,58.2,NA,NA,59.0,3,NA,NA,NA,NA,NA,NA,NA
1,Bu,31201,9.2,NA,NA,9.2,1,12.0,NA,NA,NA,NA,NA,NA,NA,NA,NA,NA,NA,NA,NA,NA,NA,NA,NA,NA,NA,NA,NA
1,Bu,31202,14.2,NA,NA,14.3,NA,NA,14.5,NA,NA,14.6,1,NA,NA,NA,NA,NA,NA,NA,NA,NA,NA,NA,NA,NA,NA,NA,NA
1,Bu,31203,32.9,NA,NA,36.5,NA,NA,42.7,NA,NA,49.4,NA,NA,54.8,NA,NA,59.5,NA,NA,58.1,NA,NA,59.5,NA,NA,61.7,2,36.9
1,Bu,31204,26.2,NA,NA,29.3,NA,NA,34.2,7,NA,NA,NA,NA,NA,NA,NA,NA,NA,NA,NA,NA,NA,NA,NA,NA,NA,NA,NA
1,Bu,31205,20.0,NA,NA,22.5,NA,NA,27.4,NA,NA,31.0,NA,NA,34.6,NA,NA,38.9,NA,NA,37.2,NA,NA,38.5,NA,NA,40.2,NA,NA
1,Bu,31301,31.4,NA,NA,35.5,NA,NA,41.8,NA,NA,45.8,NA,NA,50.3,NA,NA,52.3,NA,NA,52.6,NA,NA,54.7,NA,NA,55.8,NA,NA
3,Ah,31302,16.6,NA,NA,18.4,NA,NA,19.8,7,NA,NA,NA,NA,NA,NA,NA,NA,NA,NA,NA,NA,NA,NA,NA,NA,NA,NA,NA
1,Bu,31303,13.8,NA,NA,16.8,NA,NA,20.2,NA,NA,22.6,NA,NA,23.6,NA,NA,23.9,NA,NA,23.8,NA,NA,24.4,NA,NA,26.5,NA,NA
1,Bu,31304,31.0,NA,NA,35.3,NA,NA,41.8,NA,NA,47.2,NA,NA,51.8,NA,NA,54.6,NA,NA,55.2,NA,NA,56.3,NA,NA,58.7,NA,37.5
1,Bu,31305,7.5,NA,NA,7.5,NA,NA,7.8,NA,NA,7.9,NA,NA,8.0,NA,NA,8.4,NA,NA,8.8,NA,NA,9.4,NA,NA,11.9,NA,12.3
1,Bu,31401,18.8,NA,NA,19.8,NA,NA,20.7,NA,NA,21.7,1,NA,NA,NA,NA,NA,NA,NA,NA,NA,NA,NA,NA,NA,NA,NA,NA
1,Bu,31402,9.2,NA,NA,9.2,7,NA,NA,NA,NA,NA,NA,NA,NA,NA,NA,NA,NA,NA,NA,NA,NA,NA,NA,NA,NA,NA,NA
1,Bu,31403,19.0,NA,NA,20.6,NA,NA,25.7,NA,NA,25.7,NA,29.0,29.7,NA,30.3,32.4,NA,NA,33.1,NA,NA,34.4,NA,NA,36.4,NA,35.0
1,Bu,31404,14.0,NA,NA,14.5,NA,NA,14.8,NA,NA,14.8,NA,NA,15.0,NA,NA,15.1,NA,NA,15.1,NA,NA,15.8,NA,NA,17.4,NA,16.2
3,Ah,31405,14.1,NA,NA,14.7,NA,NA,15.0,NA,NA,14.6,1,NA,NA,NA,NA,NA,NA,NA,NA,NA,NA,NA,NA,NA,NA,NA,NA
1,Bu,31406,13.5,NA,NA,13.5,NA,NA,13.6,NA,NA,13.4,NA,NA,13.7,1,NA,NA,NA,NA,NA,NA,NA,NA,NA,NA,NA,NA,NA
2,Es,31407,37.6,NA,NA,40.2,NA,NA,43.4,7,NA,NA,NA,NA,NA,NA,NA,NA,NA,NA,NA,NA,NA,NA,NA,NA,NA,NA,NA
1,Bu,31408,16.6,NA,NA,17.2,NA,NA,17.4,NA,NA,18.2,NA,NA,18.4,NA,NA,18.5,NA,NA,18.4,NA,NA,19.1,NA,NA,21.3,NA,NA
1,Bu,31409,10.8,NA,NA,12.3,NA,NA,13.0,NA,NA,13.0,1,NA,NA,NA,NA,NA,NA,NA,NA,NA,NA,NA,NA,NA,NA,NA,NA
1,Bu,31501,15.0,NA,NA,15.5,NA,NA,15.8,NA,NA,16.8,NA,NA,18.3,NA,NA,18.7,NA,NA,18.8,NA,NA,19.2,NA,NA,20.4,NA,NA
4,Hbu,31502,16.2,NA,NA,16.2,NA,NA,16.2,6,20.5,NA,NA,NA,NA,NA,NA,NA,NA,NA,NA,NA,NA,NA,NA,NA,NA,NA,NA
1,Bu,31503,9.8,NA,NA,9.8,NA,NA,9.8,7,NA,NA,NA,NA,NA,NA,NA,NA,NA,NA,NA,NA,NA,NA,NA,NA,NA,NA,NA
3,Ah,31504,15.8,NA,NA,15.8,NA,NA,15.4,5,NA,NA,NA,NA,NA,NA,NA,NA,NA,NA,NA,NA,NA,NA,NA,NA,NA,NA,NA
1,Bu,31505,11.4,NA,NA,11.5,NA,NA,11.6,5,NA,NA,NA,NA,NA,NA,NA,NA,NA,NA,NA,NA,NA,NA,NA,NA,NA,NA,NA
1,Bu,31506,12.5,NA,NA,13.1,NA,NA,13.3,5,NA,NA,NA,NA,NA,NA,NA,NA,NA,NA,NA,NA,NA,NA,NA,NA,NA,NA,NA
1,Bu,31507,20.0,NA,NA,22.3,NA,NA,24.9,NA,NA,28.2,NA,NA,32.0,NA,NA,33.3,NA,NA,33.9,NA,NA,34.3,NA,NA,36.2,NA,NA
1,Bu,31508,15.3,NA,NA,15.5,NA,NA,15.8,NA,NA,15.8,NA,NA,16.1,NA,NA,16.2,NA,NA,16.0,NA,NA,15.9,NA,NA,16.0,NA,NA
1,Bu,31509,7.8,NA,NA,7.8,1,NA,NA,NA,NA,NA,NA,NA,NA,NA,NA,NA,NA,NA,NA,NA,NA,NA,NA,NA,NA,NA,NA
1,Bu,31510,18.9,NA,NA,21.6,NA,NA,25.4,NA,NA,29.8,NA,NA,34.3,NA,NA,36.3,NA,NA,36.6,NA,NA,37.3,NA,NA,38.6,NA,NA
1,Bu,31511,13.4,NA,NA,14.2,7,22.0,NA,NA,NA,NA,NA,NA,NA,NA,NA,NA,NA,NA,NA,NA,NA,NA,NA,NA,NA,NA,NA
1,Bu,31512,20.8,NA,NA,23.1,NA,NA,26.7,NA,NA,30.7,NA,NA,34.7,NA,NA,37.2,NA,NA,38.0,NA,NA,39.2,NA,NA,40.7,NA,33.9
1,Bu,31601,9.1,NA,NA,9.3,1,NA,NA,NA,NA,NA,NA,NA,NA,NA,NA,NA,NA,NA,NA,NA,NA,NA,NA,NA,NA,NA,NA
1,Bu,31602,8.0,NA,NA,8.1,1,NA,NA,NA,NA,NA,NA,NA,NA,NA,NA,NA,NA,NA,NA,NA,NA,NA,NA,NA,NA,NA,NA
3,Ah,31603,18.1,NA,NA,18.4,NA,NA,18.6,1,NA,NA,NA,NA,NA,NA,NA,NA,NA,NA,NA,NA,NA,NA,NA,NA,NA,NA,NA
3,Ah,31604,36.2,NA,NA,37.7,NA,NA,40.2,NA,27.0,42.2,NA,28.6,44.4,NA,31.4,44.8,NA,NA,45.0,NA,NA,45.6,NA,NA,46.8,NA,NA
1,Bu,31605,22.2,NA,NA,23.8,NA,NA,27.0,NA,31.0,30.2,NA,32.1,33.6,NA,33.1,35.3,NA,NA,36.1,NA,NA,37.7,NA,NA,39.7,NA,34.3
1,Bu,31606,18.8,NA,NA,19.0,NA,NA,19.0,NA,NA,19.2,NA,NA,19.4,NA,NA,19.4,7,NA,NA,NA,NA,NA,NA,NA,NA,NA,NA
2,Es,91001,22.4,NA,21.5,23.5,NA,NA,25.3,7,NA,NA,NA,NA,NA,NA,NA,NA,NA,NA,NA,NA,NA,NA,NA,NA,NA,NA,NA
1,Bu,91002,7.5,NA,NA,7.5,1,NA,NA,NA,NA,NA,NA,NA,NA,NA,NA,NA,NA,NA,NA,NA,NA,NA,NA,NA,NA,NA,NA
2,Es,91003,17.2,NA,19.5,18.1,7,21.6,NA,NA,NA,NA,NA,NA,NA,NA,NA,NA,NA,NA,NA,NA,NA,NA,NA,NA,NA,NA,NA
1,Bu,91004,8.4,NA,NA,8.5,1,NA,NA,NA,NA,NA,NA,NA,NA,NA,NA,NA,NA,NA,NA,NA,NA,NA,NA,NA,NA,NA,NA
1,Bu,91005,22.1,NA,23.5,24.5,NA,NA,27.4,NA,NA,31.3,NA,NA,35.4,NA,NA,37.7,NA,NA,38.2,NA,NA,39.4,NA,NA,41.0,2,NA
1,Bu,91006,17.2,NA,NA,17.7,NA,NA,18.7,NA,NA,19.8,NA,NA,20.6,NA,NA,20.7,NA,NA,20.8,NA,NA,20.8,NA,NA,21.6,NA,NA
1,Bu,91007,23.6,NA,NA,26.4,NA,NA,26.4,NA,NA,35.4,NA,NA,41.1,NA,NA,45.2,NA,NA,46.2,NA,NA,47.7,NA,NA,50.6,NA,NA
1,Bu,91008,23.8,NA,NA,25.2,NA,NA,27.5,7,NA,NA,NA,NA,NA,NA,NA,NA,NA,NA,NA,NA,NA,NA,NA,NA,NA,NA,NA
2,Es,91101,18.7,NA,18.5,20.5,NA,NA,23.8,NA,26.5,26.4,NA,NA,29.4,NA,NA,31.4,NA,NA,32.3,NA,NA,33.3,NA,NA,35.0,NA,NA
2,Es,91102,14.0,NA,18.0,14.5,7,21.0,NA,NA,NA,NA,NA,NA,NA,NA,NA,NA,NA,NA,NA,NA,NA,NA,NA,NA,NA,NA,NA
2,Es,91103,24.8,NA,20.0,26.8,NA,NA,30.4,NA,27.5,35.7,NA,NA,40.6,NA,NA,43.7,NA,NA,45.1,NA,NA,46.0,NA,NA,48.4,NA,NA
1,Bu,91104,8.9,NA,NA,8.9,NA,NA,9.0,NA,NA,9.3,NA,NA,9.7,NA,NA,9.7,NA,NA,9.7,NA,NA,9.7,5,NA,NA,NA,NA
1,Bu,91105,37.2,NA,NA,42.2,NA,NA,49.4,7,NA,NA,NA,NA,NA,NA,NA,NA,NA,NA,NA,NA,NA,NA,NA,NA,NA,NA,NA
1,Bu,91106,14.6,NA,NA,15.0,NA,NA,15.6,NA,NA,16.2,NA,NA,18.1,NA,NA,18.6,NA,NA,18.8,NA,NA,19.3,NA,NA,20.4,NA,NA
1,Bu,91107,10.2,NA,NA,10.3,NA,NA,10.4,NA,NA,11.1,NA,NA,11.8,NA,NA,12.1,NA,NA,12.0,NA,NA,12.0,NA,NA,12.6,NA,NA
1,Bu,91108,19.6,NA,NA,20.9,NA,NA,22.0,NA,NA,24.0,NA,NA,25.6,NA,NA,26.3,NA,NA,26.4,NA,NA,26.5,NA,NA,27.3,NA,25.3
1,Bu,91109,20.0,NA,NA,21.5,NA,NA,23.8,NA,NA,26.4,NA,NA,30.7,NA,NA,33.7,NA,NA,34.6,NA,NA,36.5,NA,NA,39.2,NA,31.7
1,Bu,91110,12.6,NA,NA,13.1,NA,NA,14.0,NA,NA,14.9,NA,NA,15.6,NA,NA,15.7,NA,NA,15.6,NA,NA,15.9,NA,NA,16.6,NA,NA
1,Bu,91201,9.9,NA,NA,10.0,NA,NA,9.9,NA,NA,10.6,NA,NA,13.2,NA,NA,14.0,NA,NA,14.9,NA,NA,15.5,NA,NA,17.2,NA,NA
1,Bu,91202,29.4,NA,NA,33.9,NA,NA,37.8,NA,NA,43.1,7,NA,NA,NA,NA,NA,NA,NA,NA,NA,NA,NA,NA,NA,NA,NA,NA
2,Es,91203,24.4,NA,23.0,26.8,NA,NA,30.9,NA,28.0,35.5,NA,NA,42.3,NA,NA,46.5,NA,NA,48.2,NA,NA,50.6,NA,NA,53.2,NA,NA
1,Bu,91204,11.4,NA,NA,11.4,NA,NA,11.4,NA,NA,12.0,NA,NA,13.9,NA,NA,14.3,NA,NA,14.1,NA,NA,14.2,NA,NA,15.0,NA,NA
3,Ah,91205,13.4,NA,NA,13.6,NA,NA,13.5,NA,NA,14.7,NA,NA,16.9,NA,NA,18.5,NA,NA,18.8,NA,NA,19.0,NA,NA,19.7,NA,NA
1,Bu,91211,NA,NA,NA,NA,NA,NA,NA,NA,NA,NA,NA,NA,NA,NA,NA,NA,NA,NA,NA,NA,NA,NA,NA,NA,9.3,NA,NA
1,Bu,91301,7.4,NA,NA,7.5,NA,NA,7.4,NA,NA,7.7,NA,NA,9.7,NA,NA,10.0,NA,NA,10.0,NA,NA,10.2,NA,NA,11.2,NA,NA
1,Bu,91302,13.2,NA,NA,13.2,NA,NA,13.6,7,NA,NA,NA,NA,NA,NA,NA,NA,NA,NA,NA,NA,NA,NA,NA,NA,NA,NA,NA
1,Bu,91303,30.6,NA,NA,36.0,NA,NA,43.8,1,NA,NA,NA,NA,NA,NA,NA,NA,NA,NA,NA,NA,NA,NA,NA,NA,NA,NA,NA
1,Bu,91304,15.6,NA,NA,16.3,NA,NA,17.2,NA,NA,18.0,NA,NA,19.8,NA,NA,20.2,NA,NA,20.1,NA,NA,20.2,NA,NA,21.5,NA,NA
1,Bu,91305,22.2,NA,NA,25.1,NA,NA,28.3,NA,NA,31.9,NA,NA,36.8,NA,NA,39.5,NA,NA,40.0,3,NA,NA,NA,NA,NA,NA,NA
1,Bu,91306,17.8,NA,22.5,19.1,NA,NA,21.2,NA,NA,23.1,NA,NA,25.6,NA,NA,26.3,NA,NA,26.3,NA,NA,26.8,NA,NA,28.1,NA,NA
3,Ah,91307,19.8,NA,NA,20.8,NA,NA,21.8,7,NA,NA,NA,NA,NA,NA,NA,NA,NA,NA,NA,NA,NA,NA,NA,NA,NA,NA,NA
1,Bu,91308,18.8,NA,NA,20.3,NA,NA,22.2,NA,NA,23.3,NA,NA,24.6,NA,NA,24.9,NA,NA,24.9,NA,NA,25.3,NA,NA,26.0,NA,NA
1,Bu,91309,7.8,NA,NA,8.0,1,NA,NA,NA,NA,NA,NA,NA,NA,NA,NA,NA,NA,NA,NA,NA,NA,NA,NA,NA,NA,NA,NA
1,Bu,91310,14.8,NA,20.0,15.1,7,NA,NA,NA,NA,NA,NA,NA,NA,NA,NA,NA,NA,NA,NA,NA,NA,NA,NA,NA,NA,NA,NA
1,Bu,91311,15.2,NA,NA,16.2,NA,NA,17.6,NA,NA,19.1,NA,NA,22.8,NA,NA,24.2,NA,NA,24.5,NA,NA,25.0,NA,NA,27.2,NA,NA
1,Bu,91401,19.8,NA,NA,20.5,NA,NA,20.6,NA,NA,20.8,NA,NA,20.9,NA,NA,20.9,NA,NA,20.9,NA,NA,20.9,NA,NA,20.8,NA,NA
2,Es,91402,31.4,NA,NA,35.1,NA,NA,42.1,NA,27.5,48.1,NA,NA,53.9,NA,NA,58.3,NA,NA,58.8,NA,NA,61.3,NA,NA,62.7,NA,NA
1,Bu,91403,21.3,NA,NA,23.6,NA,NA,25.3,NA,NA,27.0,NA,NA,29.8,NA,NA,30.8,NA,NA,31.3,NA,NA,32.0,NA,NA,33.3,NA,NA
2,Es,91404,11.0,NA,NA,12.8,NA,NA,13.6,NA,13.0,13.4,5,NA,NA,NA,NA,NA,NA,NA,NA,NA,NA,NA,NA,NA,NA,NA,NA
2,Es,91405,12.2,1,NA,NA,NA,NA,NA,NA,NA,NA,NA,NA,NA,NA,NA,NA,NA,NA,NA,NA,NA,NA,NA,NA,NA,NA,NA
1,Bu,91406,23.9,NA,NA,27.2,NA,NA,31.5,7,NA,NA,NA,NA,NA,NA,NA,NA,NA,NA,NA,NA,NA,NA,NA,NA,NA,NA,NA
1,Bu,91407,10.0,NA,NA,10.2,NA,NA,10.2,NA,NA,10.6,NA,NA,10.8,NA,NA,11.0,NA,NA,10.8,NA,NA,10.7,NA,NA,10.9,2,NA
1,Bu,91408,13.2,NA,18.0,14.1,NA,NA,14.2,NA,NA,14.5,NA,NA,15.0,NA,NA,15.0,NA,NA,14.7,NA,NA,14.5,NA,NA,14.7,NA,NA
1,Bu,91409,18.7,NA,NA,21.1,NA,NA,24.3,NA,NA,27.2,NA,NA,30.1,NA,NA,31.9,NA,NA,32.4,NA,NA,33.1,NA,NA,34.6,NA,NA
1,Bu,91410,14.8,NA,NA,15.7,NA,NA,16.0,NA,NA,16.1,NA,NA,16.2,NA,NA,16.3,NA,NA,16.3,NA,NA,16.3,NA,NA,16.6,2,NA
2,Es,91411,16.0,NA,16.5,17.6,NA,NA,19.6,7,NA,NA,NA,NA,NA,NA,NA,NA,NA,NA,NA,NA,NA,NA,NA,NA,NA,NA,NA
1,Bu,91412,13.0,NA,NA,14.4,NA,NA,14.9,NA,NA,15.4,NA,NA,15.9,NA,NA,16.0,NA,NA,16.0,NA,NA,15.9,NA,NA,16.2,NA,NA
1,Bu,91413,11.8,NA,NA,12.3,NA,NA,12.4,NA,NA,12.6,NA,NA,12.8,NA,NA,12.9,NA,NA,12.8,NA,NA,12.8,NA,NA,12.8,NA,NA
2,Es,91414,29.8,NA,NA,32.6,NA,NA,37.4,NA,28.0,41.7,NA,NA,45.8,NA,NA,48.2,NA,NA,49.1,NA,NA,48.2,NA,NA,52.5,NA,NA
1,Bu,91501,29.2,NA,NA,34.5,NA,NA,42.9,NA,NA,50.3,NA,NA,57.2,NA,NA,62.1,NA,NA,61.7,NA,NA,64.3,NA,NA,66.4,2,NA
1,Bu,91502,12.9,NA,NA,13.2,NA,NA,13.4,7,NA,NA,NA,NA,NA,NA,NA,NA,NA,NA,NA,NA,NA,NA,NA,NA,NA,NA,NA
1,Bu,91503,13.8,NA,NA,14.9,NA,NA,19.2,NA,NA,22.0,NA,NA,24.4,NA,NA,24.8,NA,NA,24.8,NA,NA,25.3,NA,NA,26.3,NA,NA
1,Bu,91504,8.4,NA,NA,8.4,NA,NA,11.1,NA,NA,12.0,NA,NA,12.0,NA,NA,12.1,NA,NA,12.2,NA,NA,12.0,NA,NA,12.3,NA,NA
1,Bu,91505,55.7,NA,NA,61.6,7,31.6,NA,NA,NA,NA,NA,NA,NA,NA,NA,NA,NA,NA,NA,NA,NA,NA,NA,NA,NA,NA,NA
1,Bu,91506,28.0,NA,26.0,32.0,NA,NA,38.8,NA,NA,45.9,NA,NA,50.5,NA,NA,54.1,NA,NA,55.1,NA,NA,56.8,NA,NA,58.4,NA,NA
1,Bu,91601,8.4,NA,NA,10.0,NA,NA,13.8,NA,NA,16.1,NA,NA,17.3,NA,NA,17.5,NA,NA,17.6,NA,NA,17.7,NA,NA,18.2,NA,NA
1,Bu,91602,8.0,NA,NA,8.4,1,NA,NA,NA,NA,NA,NA,NA,NA,NA,NA,NA,NA,NA,NA,NA,NA,NA,NA,NA,NA,NA,NA
1,Bu,91603,7.3,NA,NA,8.5,1,NA,NA,NA,NA,NA,NA,NA,NA,NA,NA,NA,NA,NA,NA,NA,NA,NA,NA,NA,NA,NA,NA
1,Bu,91604,57.7,NA,NA,62.5,7,31.4,NA,NA,NA,NA,NA,NA,NA,NA,NA,NA,NA,NA,NA,NA,NA,NA,NA,NA,NA,NA,NA
1,Bu,91605,7.4,NA,NA,8.3,NA,NA,10.2,7,NA,NA,NA,NA,NA,NA,NA,NA,NA,NA,NA,NA,NA,NA,NA,NA,NA,NA,NA
1,Bu,91606,8.0,NA,NA,9.9,NA,NA,15.5,NA,NA,22.4,NA,NA,28.4,NA,NA,31.7,NA,NA,33.1,3,NA,NA,NA,NA,NA,NA,NA
1,Bu,91607,7.0,NA,NA,7.3,NA,NA,10.6,NA,NA,14.5,NA,NA,16.5,NA,NA,17.5,NA,NA,17.8,NA,NA,18.3,NA,NA,19.7,NA,NA
1,Bu,91608,6.8,NA,NA,7.2,NA,NA,9.9,NA,NA,11.7,NA,NA,11.8,NA,NA,11.9,NA,NA,11.9,NA,NA,12.2,NA,NA,13.2,NA,NA
1,Bu,91609,8.8,NA,NA,9.6,NA,NA,13.3,NA,NA,15.0,NA,NA,16.0,NA,NA,16.1,NA,NA,16.2,NA,NA,16.3,NA,NA,17.3,NA,NA
1,Bu,91610,8.0,NA,NA,8.5,NA,NA,13.4,NA,NA,17.5,NA,NA,20.8,NA,NA,22.7,NA,NA,23.6,NA,NA,25.0,NA,NA,27.7,NA,NA
