Bestandeseinheit,Baumart,Baumnummer,D_1972,Aus_1972,H_1972,D_1981,Aus_1981,H_1981,D_1993,Aus_1993,H_1993,D_2001,Aus_2001,H_2001,D_2011,Aus_2011,H_2011,D_2017,Aus_2017,H_2017
1,Bu,1,13.9,NA,NA,13.8,NA,NA,14.1,7,NA,NA,NA,NA,NA,NA,NA,NA,NA,NA
1,Bu,2,9.2,NA,NA,9.0,7,NA,NA,NA,NA,NA,NA,NA,NA,NA,NA,NA,NA,NA
1,Bu,3,13.0,NA,NA,13.9,NA,NA,14.6,NA,NA,14.9,NA,NA,18.2,1,NA,NA,NA,NA
1,Bu,4,9.8,NA,NA,11.3,NA,NA,12.1,7,NA,NA,NA,NA,NA,NA,NA,NA,NA,NA
1,Bu,5,10.4,NA,NA,11.0,7,NA,NA,NA,NA,NA,NA,NA,NA,NA,NA,NA,NA,NA
1,Bu,6,8.0,NA,NA,8.2,6,NA,NA,NA,NA,NA,NA,NA,NA,NA,NA,NA,NA,NA
1,Bu,7,11.6,NA,NA,11.6,7,NA,NA,NA,NA,NA,NA,NA,NA,NA,NA,NA,NA,NA
1,Bu,8,7.6,NA,NA,7.7,7,NA,NA,NA,NA,NA,NA,NA,NA,NA,NA,NA,NA,NA
1,Bu,9,20.6,NA,NA,24.3,NA,NA,29.7,NA,NA,32.3,2,NA,NA,NA,NA,NA,NA,NA
1,Bu,10,6.9,5,NA,NA,NA,NA,NA,NA,NA,NA,NA,NA,NA,NA,NA,NA,NA,NA
1,Bu,11,14.2,NA,NA,17.4,NA,NA,21.7,2,NA,NA,NA,NA,NA,NA,NA,NA,NA,NA
1,Bu,12,10.9,NA,NA,11.0,7,NA,NA,NA,NA,NA,NA,NA,NA,NA,NA,NA,NA,NA
1,Bu,13,12.2,NA,NA,13.0,1,NA,NA,NA,NA,NA,NA,NA,NA,NA,NA,NA,NA,NA
1,Bu,14,15.8,NA,NA,18.6,NA,NA,23.2,NA,NA,25.2,NA,NA,28.2,1,NA,NA,NA,NA
1,Bu,15,13.9,NA,NA,14.3,NA,NA,15.0,7,NA,NA,NA,NA,NA,NA,NA,NA,NA,NA
1,Bu,16,9.4,NA,NA,9.3,7,NA,NA,NA,NA,NA,NA,NA,NA,NA,NA,NA,NA,NA
1,Bu,17,15.2,NA,NA,16.8,NA,NA,20.0,NA,NA,21.4,2,NA,NA,NA,NA,NA,NA,NA
1,Bu,18,18.4,NA,NA,20.6,NA,NA,24.4,2,NA,NA,NA,NA,NA,NA,NA,NA,NA,NA
1,Bu,19,12.1,NA,NA,12.4,NA,NA,12.8,7,NA,NA,NA,NA,NA,NA,NA,NA,NA,NA
1,Bu,20,13.0,NA,NA,15.0,7,NA,NA,NA,NA,NA,NA,NA,NA,NA,NA,NA,NA,NA
1,Bu,21,15.7,NA,NA,18.6,NA,NA,23.6,NA,NA,26.3,NA,NA,28.4,NA,NA,29.9,NA,NA
1,Bu,22,14.1,NA,NA,14.7,NA,NA,14.9,NA,NA,15.0,NA,NA,15.3,1,NA,NA,NA,NA
1,Bu,23,11.2,NA,NA,11.2,7,NA,NA,NA,NA,NA,NA,NA,NA,NA,NA,NA,NA,NA
1,Bu,24,4.2,NA,NA,4.2,7,NA,NA,NA,NA,NA,NA,NA,NA,NA,NA,NA,NA,NA
1,Bu,25,11.1,NA,NA,13.0,7,NA,NA,NA,NA,NA,NA,NA,NA,NA,NA,NA,NA,NA
1,Bu,26,15.9,NA,NA,19.6,1,NA,NA,NA,NA,NA,NA,NA,NA,NA,NA,NA,NA,NA
1,Bu,27,6.6,NA,NA,6.6,7,NA,NA,NA,NA,NA,NA,NA,NA,NA,NA,NA,NA,NA
1,Bu,28,6.5,5,NA,NA,NA,NA,NA,NA,NA,NA,NA,NA,NA,NA,NA,NA,NA,NA
1,Bu,29,8.3,5,NA,NA,NA,NA,NA,NA,NA,NA,NA,NA,NA,NA,NA,NA,NA,NA
1,Bu,30,6.1,1,NA,NA,NA,NA,NA,NA,NA,NA,NA,NA,NA,NA,NA,NA,NA,NA
1,Bu,31,11.6,NA,NA,12.6,7,NA,NA,NA,NA,NA,NA,NA,NA,NA,NA,NA,NA,NA
1,Bu,32,15.8,NA,NA,20.1,NA,NA,27.2,NA,NA,31.8,NA,NA,37.0,NA,NA,40.0,NA,32.7
1,Bu,33,6.6,NA,NA,6.6,7,NA,NA,NA,NA,NA,NA,NA,NA,NA,NA,NA,NA,NA
1,Bu,34,8.6,NA,NA,8.6,7,NA,NA,NA,NA,NA,NA,NA,NA,NA,NA,NA,NA,NA
1,Bu,35,15.9,NA,NA,17.0,1,NA,NA,NA,NA,NA,NA,NA,NA,NA,NA,NA,NA,NA
1,Bu,36,5.6,1,NA,NA,NA,NA,NA,NA,NA,NA,NA,NA,NA,NA,NA,NA,NA,NA
1,Bu,37,6.2,5,NA,NA,NA,NA,NA,NA,NA,NA,NA,NA,NA,NA,NA,NA,NA,NA
1,Bu,38,5.5,5,NA,NA,NA,NA,NA,NA,NA,NA,NA,NA,NA,NA,NA,NA,NA,NA
1,Bu,39,13.5,NA,NA,16.7,NA,NA,19.6,NA,NA,20.3,NA,NA,20.1,1,NA,NA,NA,NA
1,Bu,40,11.7,NA,NA,12.2,7,NA,NA,NA,NA,NA,NA,NA,NA,NA,NA,NA,NA,NA
1,Bu,41,13.4,NA,NA,14.7,1,NA,NA,NA,NA,NA,NA,NA,NA,NA,NA,NA,NA,NA
1,Bu,42,7.0,5,NA,NA,NA,NA,NA,NA,NA,NA,NA,NA,NA,NA,NA,NA,NA,NA
1,Bu,43,11.7,NA,NA,11.6,7,NA,NA,NA,NA,NA,NA,NA,NA,NA,NA,NA,NA,NA
1,Bu,44,8.5,1,NA,NA,NA,NA,NA,NA,NA,NA,NA,NA,NA,NA,NA,NA,NA,NA
1,Bu,45,8.3,NA,NA,8.5,7,NA,NA,NA,NA,NA,NA,NA,NA,NA,NA,NA,NA,NA
1,Bu,46,19.4,NA,NA,24.8,NA,NA,34.6,NA,NA,40.3,NA,NA,47.7,NA,NA,51.0,NA,NA
1,Bu,47,11.4,NA,NA,11.7,7,NA,NA,NA,NA,NA,NA,NA,NA,NA,NA,NA,NA,NA
1,Bu,48,7.6,NA,NA,7.4,6,NA,NA,NA,NA,NA,NA,NA,NA,NA,NA,NA,NA,NA
1,Bu,49,12.1,NA,NA,13.5,7,NA,NA,NA,NA,NA,NA,NA,NA,NA,NA,NA,NA,NA
1,Bu,50,13.4,NA,NA,16.4,NA,NA,19.3,7,NA,NA,NA,NA,NA,NA,NA,NA,NA,NA
1,Bu,51,15.2,NA,NA,15.9,NA,NA,17.0,7,NA,NA,NA,NA,NA,NA,NA,NA,NA,NA
1,Bu,52,9.6,NA,NA,9.8,1,NA,NA,NA,NA,NA,NA,NA,NA,NA,NA,NA,NA,NA
1,Bu,53,14.1,NA,NA,15.5,NA,NA,17.9,NA,NA,18.9,NA,NA,19.5,1,NA,NA,NA,NA
1,Bu,54,11.1,NA,NA,11.0,7,NA,NA,NA,NA,NA,NA,NA,NA,NA,NA,NA,NA,NA
1,Bu,55,8.0,NA,NA,8.0,7,NA,NA,NA,NA,NA,NA,NA,NA,NA,NA,NA,NA,NA
1,Bu,56,10.1,1,NA,NA,NA,NA,NA,NA,NA,NA,NA,NA,NA,NA,NA,NA,NA,NA
1,Bu,57,10.0,NA,NA,10.1,7,NA,NA,NA,NA,NA,NA,NA,NA,NA,NA,NA,NA,NA
1,Bu,58,19.5,NA,NA,22.8,NA,NA,28.1,NA,NA,31.1,NA,NA,35.0,NA,NA,37.8,NA,NA
1,Bu,59,10.0,NA,NA,10.0,7,NA,NA,NA,NA,NA,NA,NA,NA,NA,NA,NA,NA,NA
1,Bu,60,11.6,NA,NA,13.0,NA,NA,14.0,7,NA,NA,NA,NA,NA,NA,NA,NA,NA,NA
1,Bu,61,9.7,NA,NA,9.7,7,NA,NA,NA,NA,NA,NA,NA,NA,NA,NA,NA,NA,NA
1,Bu,62,6.6,5,NA,NA,NA,NA,NA,NA,NA,NA,NA,NA,NA,NA,NA,NA,NA,NA
1,Bu,63,7.8,1,NA,NA,NA,NA,NA,NA,NA,NA,NA,NA,NA,NA,NA,NA,NA,NA
1,Bu,64,14.5,NA,NA,18.4,NA,NA,23.3,NA,NA,24.5,NA,NA,28.9,NA,NA,31.7,2,NA
1,Bu,65,7.4,NA,NA,7.3,7,NA,NA,NA,NA,NA,NA,NA,NA,NA,NA,NA,NA,NA
1,Bu,66,7.1,NA,NA,7.0,7,NA,NA,NA,NA,NA,NA,NA,NA,NA,NA,NA,NA,NA
2,Es,67,21.1,NA,NA,26.6,NA,NA,32.3,2,NA,NA,NA,NA,NA,NA,NA,NA,NA,NA
1,Bu,68,6.5,5,NA,NA,NA,NA,NA,NA,NA,NA,NA,NA,NA,NA,NA,NA,NA,NA
1,Bu,69,7.4,NA,NA,8.2,1,NA,NA,NA,NA,NA,NA,NA,NA,NA,NA,NA,NA,NA
2,Es,70,14.3,NA,NA,17.0,NA,NA,20.2,2,NA,NA,NA,NA,NA,NA,NA,NA,NA,NA
1,Bu,71,11.0,NA,NA,11.2,7,NA,NA,NA,NA,NA,NA,NA,NA,NA,NA,NA,NA,NA
1,Bu,72,11.9,NA,NA,11.9,7,NA,NA,NA,NA,NA,NA,NA,NA,NA,NA,NA,NA,NA
1,Bu,73,6.8,1,NA,NA,NA,NA,NA,NA,NA,NA,NA,NA,NA,NA,NA,NA,NA,NA
3,Ah,74,5.6,5,NA,NA,NA,NA,NA,NA,NA,NA,NA,NA,NA,NA,NA,NA,NA,NA
1,Bu,75,9.7,NA,NA,9.8,7,NA,NA,NA,NA,NA,NA,NA,NA,NA,NA,NA,NA,NA
1,Bu,76,11.0,NA,NA,11.7,NA,NA,12.7,NA,NA,13.1,NA,NA,14.9,1,NA,NA,NA,NA
1,Bu,77,7.4,NA,NA,7.4,7,NA,NA,NA,NA,NA,NA,NA,NA,NA,NA,NA,NA,NA
1,Bu,78,8.5,NA,NA,8.5,7,NA,NA,NA,NA,NA,NA,NA,NA,NA,NA,NA,NA,NA
1,Bu,79,6.2,NA,NA,6.3,7,NA,NA,NA,NA,NA,NA,NA,NA,NA,NA,NA,NA,NA
1,Bu,80,7.6,1,NA,NA,NA,NA,NA,NA,NA,NA,NA,NA,NA,NA,NA,NA,NA,NA
1,Bu,81,16.1,NA,NA,19.4,NA,NA,25.3,NA,NA,27.8,NA,NA,32.4,NA,NA,34.5,NA,NA
1,Bu,82,8.0,NA,NA,8.2,7,NA,NA,NA,NA,NA,NA,NA,NA,NA,NA,NA,NA,NA
1,Bu,83,13.5,NA,NA,14.9,NA,NA,16.0,NA,NA,16.3,NA,NA,18.1,2,NA,NA,NA,NA
1,Bu,84,5.8,NA,NA,5.8,7,NA,NA,NA,NA,NA,NA,NA,NA,NA,NA,NA,NA,NA
1,Bu,85,11.5,NA,NA,11.9,7,NA,NA,NA,NA,NA,NA,NA,NA,NA,NA,NA,NA,NA
1,Bu,86,10.6,NA,NA,10.6,7,NA,NA,NA,NA,NA,NA,NA,NA,NA,NA,NA,NA,NA
2,Es,87,14.3,NA,NA,19.0,NA,NA,24.3,NA,28.0,26.7,NA,31.5,30.0,NA,34.6,31.8,2,NA
1,Bu,88,6.3,1,NA,NA,NA,NA,NA,NA,NA,NA,NA,NA,NA,NA,NA,NA,NA,NA
1,Bu,89,5.5,1,NA,NA,NA,NA,NA,NA,NA,NA,NA,NA,NA,NA,NA,NA,NA,NA
2,Es,90,10.4,1,NA,NA,NA,NA,NA,NA,NA,NA,NA,NA,NA,NA,NA,NA,NA,NA
1,Bu,91,5.8,1,NA,NA,NA,NA,NA,NA,NA,NA,NA,NA,NA,NA,NA,NA,NA,NA
1,Bu,92,6.1,1,NA,NA,NA,NA,NA,NA,NA,NA,NA,NA,NA,NA,NA,NA,NA,NA
1,Bu,93,8.0,1,NA,NA,NA,NA,NA,NA,NA,NA,NA,NA,NA,NA,NA,NA,NA,NA
1,Bu,94,23.2,NA,17.6,29.0,NA,NA,36.3,2,NA,NA,NA,NA,NA,NA,NA,NA,NA,NA
2,Es,95,6.9,1,NA,NA,NA,NA,NA,NA,NA,NA,NA,NA,NA,NA,NA,NA,NA,NA
1,Bu,96,22.6,NA,NA,27.4,NA,NA,35.8,NA,29.4,39.5,NA,33.8,45.0,NA,34.9,48.7,NA,NA
1,Bu,97,5.3,1,NA,NA,NA,NA,NA,NA,NA,NA,NA,NA,NA,NA,NA,NA,NA,NA
1,Bu,98,8.6,1,NA,NA,NA,NA,NA,NA,NA,NA,NA,NA,NA,NA,NA,NA,NA,NA
1,Bu,99,7.6,1,NA,NA,NA,NA,NA,NA,NA,NA,NA,NA,NA,NA,NA,NA,NA,NA
1,Bu,100,8.0,1,NA,NA,NA,NA,NA,NA,NA,NA,NA,NA,NA,NA,NA,NA,NA,NA
1,Bu,101,5.8,5,NA,NA,NA,NA,NA,NA,NA,NA,NA,NA,NA,NA,NA,NA,NA,NA
1,Bu,102,17.6,NA,NA,21.4,NA,NA,27.5,2,NA,NA,NA,NA,NA,NA,NA,NA,NA,NA
1,Bu,103,10.4,1,NA,NA,NA,NA,NA,NA,NA,NA,NA,NA,NA,NA,NA,NA,NA,NA
1,Bu,104,5.2,1,NA,NA,NA,NA,NA,NA,NA,NA,NA,NA,NA,NA,NA,NA,NA,NA
1,Bu,105,12.0,NA,NA,13.8,NA,NA,16.2,7,NA,NA,NA,NA,NA,NA,NA,NA,NA,NA
1,Bu,106,10.9,NA,NA,12.4,NA,NA,14.3,NA,NA,14.6,NA,NA,15.9,1,NA,NA,NA,NA
1,Bu,107,10.6,NA,NA,12.8,NA,NA,16.3,NA,NA,17.1,NA,NA,18.6,1,NA,NA,NA,NA
1,Bu,108,6.6,1,NA,NA,NA,NA,NA,NA,NA,NA,NA,NA,NA,NA,NA,NA,NA,NA
1,Bu,109,6.1,1,NA,NA,NA,NA,NA,NA,NA,NA,NA,NA,NA,NA,NA,NA,NA,NA
1,Bu,110,14.1,NA,NA,14.5,2,NA,NA,NA,NA,NA,NA,NA,NA,NA,NA,NA,NA,NA
2,Es,111,13.2,NA,NA,15.8,NA,NA,16.7,7,NA,NA,NA,NA,NA,NA,NA,NA,NA,NA
1,Bu,112,16.5,NA,NA,17.7,NA,NA,21.3,NA,NA,23.3,NA,NA,28.8,NA,NA,32.3,NA,NA
1,Bu,113,5.4,5,NA,NA,NA,NA,NA,NA,NA,NA,NA,NA,NA,NA,NA,NA,NA,NA
1,Bu,114,6.2,1,NA,NA,NA,NA,NA,NA,NA,NA,NA,NA,NA,NA,NA,NA,NA,NA
3,Ah,115,8.2,1,NA,NA,NA,NA,NA,NA,NA,NA,NA,NA,NA,NA,NA,NA,NA,NA
2,Es,116,9.5,NA,NA,12.1,NA,NA,14.7,2,NA,NA,NA,NA,NA,NA,NA,NA,NA,NA
2,Es,117,16.4,NA,NA,21.5,NA,NA,24.1,NA,NA,32.1,NA,NA,36.1,NA,NA,37.1,NA,NA
2,Es,118,9.3,1,NA,NA,NA,NA,NA,NA,NA,NA,NA,NA,NA,NA,NA,NA,NA,NA
2,Es,119,11.2,NA,NA,13.4,7,NA,NA,NA,NA,NA,NA,NA,NA,NA,NA,NA,NA,NA
1,Bu,120,9.8,1,NA,NA,NA,NA,NA,NA,NA,NA,NA,NA,NA,NA,NA,NA,NA,NA
3,Ah,121,8.0,1,NA,NA,NA,NA,NA,NA,NA,NA,NA,NA,NA,NA,NA,NA,NA,NA
1,Bu,122,10.9,NA,NA,11.2,NA,NA,12.6,NA,NA,13.0,NA,NA,15.5,1,NA,NA,NA,NA
1,Bu,123,6.8,1,NA,NA,NA,NA,NA,NA,NA,NA,NA,NA,NA,NA,NA,NA,NA,NA
2,Es,124,7.0,5,NA,NA,NA,NA,NA,NA,NA,NA,NA,NA,NA,NA,NA,NA,NA,NA
1,Bu,125,6.8,1,NA,NA,NA,NA,NA,NA,NA,NA,NA,NA,NA,NA,NA,NA,NA,NA
1,Bu,126,15.4,NA,NA,19.5,NA,NA,23.0,7,NA,NA,NA,NA,NA,NA,NA,NA,NA,NA
1,Bu,127,7.0,1,NA,NA,NA,NA,NA,NA,NA,NA,NA,NA,NA,NA,NA,NA,NA,NA
1,Bu,128,14.5,NA,NA,18.0,NA,NA,24.4,NA,NA,28.1,2,NA,NA,NA,NA,NA,NA,NA
1,Bu,129,6.2,1,NA,NA,NA,NA,NA,NA,NA,NA,NA,NA,NA,NA,NA,NA,NA,NA
2,Es,130,9.2,1,NA,NA,NA,NA,NA,NA,NA,NA,NA,NA,NA,NA,NA,NA,NA,NA
1,Bu,131,9.9,1,NA,NA,NA,NA,NA,NA,NA,NA,NA,NA,NA,NA,NA,NA,NA,NA
1,Bu,132,4.8,1,NA,NA,NA,NA,NA,NA,NA,NA,NA,NA,NA,NA,NA,NA,NA,NA
1,Bu,133,5.5,1,NA,NA,NA,NA,NA,NA,NA,NA,NA,NA,NA,NA,NA,NA,NA,NA
3,Ah,134,26.8,1,NA,NA,NA,NA,NA,NA,NA,NA,NA,NA,NA,NA,NA,NA,NA,NA
1,Bu,135,5.7,1,NA,NA,NA,NA,NA,NA,NA,NA,NA,NA,NA,NA,NA,NA,NA,NA
1,Bu,136,13.4,1,NA,NA,NA,NA,NA,NA,NA,NA,NA,NA,NA,NA,NA,NA,NA,NA
2,Es,137,18.5,NA,NA,23.6,1,NA,NA,NA,NA,NA,NA,NA,NA,NA,NA,NA,NA,NA
1,Bu,138,11.0,NA,NA,11.8,NA,NA,13.1,NA,NA,13.4,NA,NA,14.0,1,NA,NA,NA,NA
1,Bu,139,13.2,1,NA,NA,NA,NA,NA,NA,NA,NA,NA,NA,NA,NA,NA,NA,NA,NA
1,Bu,140,15.4,NA,NA,17.2,NA,NA,22.9,NA,NA,25.7,NA,27.8,30.6,NA,29.3,34.0,2,32.3
1,Bu,141,10.3,1,NA,NA,NA,NA,NA,NA,NA,NA,NA,NA,NA,NA,NA,NA,NA,NA
1,Bu,142,13.4,NA,NA,16.3,NA,NA,23.4,NA,NA,25.3,NA,NA,28.1,1,NA,NA,NA,NA
1,Bu,143,6.1,1,NA,NA,NA,NA,NA,NA,NA,NA,NA,NA,NA,NA,NA,NA,NA,NA
1,Bu,144,16.1,NA,NA,19.6,NA,NA,25.5,2,NA,NA,NA,NA,NA,NA,NA,NA,NA,NA
1,Bu,145,6.4,5,NA,NA,NA,NA,NA,NA,NA,NA,NA,NA,NA,NA,NA,NA,NA,NA
1,Bu,146,14.1,NA,NA,18.2,1,NA,NA,NA,NA,NA,NA,NA,NA,NA,NA,NA,NA,NA
1,Bu,147,19.2,NA,NA,23.2,NA,NA,29.4,NA,28.3,33.1,NA,30.7,36.9,1,35.2,NA,NA,NA
1,Bu,148,6.4,NA,NA,6.3,7,NA,NA,NA,NA,NA,NA,NA,NA,NA,NA,NA,NA,NA
1,Bu,149,9.5,NA,NA,9.5,7,NA,NA,NA,NA,NA,NA,NA,NA,NA,NA,NA,NA,NA
3,Ah,150,18.4,1,NA,NA,NA,NA,NA,NA,NA,NA,NA,NA,NA,NA,NA,NA,NA,NA
1,Bu,151,14.7,NA,NA,15.2,NA,NA,16.0,7,NA,NA,NA,NA,NA,NA,NA,NA,NA,NA
1,Bu,152,9.6,NA,NA,9.8,7,NA,NA,NA,NA,NA,NA,NA,NA,NA,NA,NA,NA,NA
1,Bu,153,8.6,1,NA,NA,NA,NA,NA,NA,NA,NA,NA,NA,NA,NA,NA,NA,NA,NA
1,Bu,154,8.3,NA,NA,8.4,7,NA,NA,NA,NA,NA,NA,NA,NA,NA,NA,NA,NA,NA
1,Bu,155,19.4,NA,NA,25.9,NA,NA,33.7,NA,NA,38.9,NA,NA,44.7,1,NA,NA,NA,NA
1,Bu,156,6.4,5,NA,NA,NA,NA,NA,NA,NA,NA,NA,NA,NA,NA,NA,NA,NA,NA
1,Bu,157,9.4,5,NA,NA,NA,NA,NA,NA,NA,NA,NA,NA,NA,NA,NA,NA,NA,NA
1,Bu,158,11.9,NA,NA,12.6,NA,NA,12.8,7,NA,NA,NA,NA,NA,NA,NA,NA,NA,NA
1,Bu,159,8.8,5,NA,NA,NA,NA,NA,NA,NA,NA,NA,NA,NA,NA,NA,NA,NA,NA
1,Bu,160,9.7,NA,NA,9.7,7,NA,NA,NA,NA,NA,NA,NA,NA,NA,NA,NA,NA,NA
1,Bu,161,13.7,NA,17.5,14.8,NA,NA,16.4,NA,NA,17.1,NA,NA,18.8,1,NA,NA,NA,NA
1,Bu,162,8.2,NA,NA,8.1,7,NA,NA,NA,NA,NA,NA,NA,NA,NA,NA,NA,NA,NA
1,Bu,163,10.6,NA,NA,10.7,7,NA,NA,NA,NA,NA,NA,NA,NA,NA,NA,NA,NA,NA
1,Bu,164,6.9,NA,NA,6.8,7,NA,NA,NA,NA,NA,NA,NA,NA,NA,NA,NA,NA,NA
1,Bu,165,6.9,5,NA,NA,NA,NA,NA,NA,NA,NA,NA,NA,NA,NA,NA,NA,NA,NA
3,Ah,166,18.8,NA,NA,21.9,1,NA,NA,NA,NA,NA,NA,NA,NA,NA,NA,NA,NA,NA
1,Bu,167,4.5,NA,NA,4.5,7,NA,NA,NA,NA,NA,NA,NA,NA,NA,NA,NA,NA,NA
3,Ah,168,15.5,NA,NA,16.0,7,NA,NA,NA,NA,NA,NA,NA,NA,NA,NA,NA,NA,NA
1,Bu,169,5.9,5,NA,NA,NA,NA,NA,NA,NA,NA,NA,NA,NA,NA,NA,NA,NA,NA
3,Ah,170,16.5,NA,NA,16.6,NA,NA,16.6,7,NA,NA,NA,NA,NA,NA,NA,NA,NA,NA
1,Bu,171,10.3,NA,NA,10.2,7,NA,NA,NA,NA,NA,NA,NA,NA,NA,NA,NA,NA,NA
1,Bu,172,12.7,NA,NA,13.1,7,NA,NA,NA,NA,NA,NA,NA,NA,NA,NA,NA,NA,NA
3,Ah,173,13.5,NA,NA,13.5,7,NA,NA,NA,NA,NA,NA,NA,NA,NA,NA,NA,NA,NA
1,Bu,174,16.5,NA,18.4,17.8,1,NA,NA,NA,NA,NA,NA,NA,NA,NA,NA,NA,NA,NA
1,Bu,175,6.9,5,NA,NA,NA,NA,NA,NA,NA,NA,NA,NA,NA,NA,NA,NA,NA,NA
1,Bu,176,19.8,NA,NA,24.1,NA,22.0,31.2,NA,26.7,34.6,NA,29.9,39.3,NA,34.3,39.5,6,NA
1,Bu,177,8.2,5,NA,NA,NA,NA,NA,NA,NA,NA,NA,NA,NA,NA,NA,NA,NA,NA
1,Bu,178,12.4,NA,NA,14.2,NA,NA,15.2,NA,NA,15.5,NA,NA,15.6,1,NA,NA,NA,NA
1,Bu,179,6.0,5,NA,NA,NA,NA,NA,NA,NA,NA,NA,NA,NA,NA,NA,NA,NA,NA
1,Bu,180,10.9,NA,NA,11.0,7,NA,NA,NA,NA,NA,NA,NA,NA,NA,NA,NA,NA,NA
2,Es,181,13.8,NA,NA,18.6,NA,NA,21.0,NA,NA,25.0,NA,NA,28.5,NA,NA,28.5,NA,NA
1,Bu,182,5.5,5,NA,NA,NA,NA,NA,NA,NA,NA,NA,NA,NA,NA,NA,NA,NA,NA
1,Bu,183,19.1,NA,NA,22.4,NA,NA,27.7,NA,NA,28.9,NA,NA,30.8,1,NA,NA,NA,NA
1,Bu,184,7.8,NA,NA,7.8,7,NA,NA,NA,NA,NA,NA,NA,NA,NA,NA,NA,NA,NA
1,Bu,185,9.1,NA,NA,9.0,7,NA,NA,NA,NA,NA,NA,NA,NA,NA,NA,NA,NA,NA
1,Bu,186,13.6,NA,NA,14.2,NA,NA,14.3,7,NA,NA,NA,NA,NA,NA,NA,NA,NA,NA
1,Bu,187,10.6,NA,NA,11.1,NA,NA,11.3,NA,NA,11.3,2,NA,NA,NA,NA,NA,NA,NA
1,Bu,188,6.5,5,NA,NA,NA,NA,NA,NA,NA,NA,NA,NA,NA,NA,NA,NA,NA,NA
1,Bu,189,6.7,5,NA,NA,NA,NA,NA,NA,NA,NA,NA,NA,NA,NA,NA,NA,NA,NA
1,Bu,190,8.7,NA,NA,8.6,NA,NA,9.0,NA,NA,8.9,2,NA,NA,NA,NA,NA,NA,NA
1,Bu,191,11.6,NA,NA,11.6,1,NA,NA,NA,NA,NA,NA,NA,NA,NA,NA,NA,NA,NA
1,Bu,192,8.6,NA,NA,8.6,7,NA,NA,NA,NA,NA,NA,NA,NA,NA,NA,NA,NA,NA
1,Bu,193,16.6,NA,NA,21.8,NA,NA,25.2,2,NA,NA,NA,NA,NA,NA,NA,NA,NA,NA
1,Bu,194,15.5,NA,NA,16.9,NA,NA,17.2,7,NA,NA,NA,NA,NA,NA,NA,NA,NA,NA
1,Bu,195,6.6,5,NA,NA,NA,NA,NA,NA,NA,NA,NA,NA,NA,NA,NA,NA,NA,NA
1,Bu,196,6.4,1,NA,NA,NA,NA,NA,NA,NA,NA,NA,NA,NA,NA,NA,NA,NA,NA
1,Bu,197,11.5,NA,NA,12.4,NA,NA,12.6,7,NA,NA,NA,NA,NA,NA,NA,NA,NA,NA
1,Bu,198,7.9,1,NA,NA,NA,NA,NA,NA,NA,NA,NA,NA,NA,NA,NA,NA,NA,NA
1,Bu,199,8.7,1,NA,NA,NA,NA,NA,NA,NA,NA,NA,NA,NA,NA,NA,NA,NA,NA
1,Bu,200,58.9,NA,NA,67.4,NA,NA,78.6,NA,37.3,82.6,NA,NA,84.0,NA,NA,84.7,NA,35.3
1,Bu,201,10.0,NA,NA,10.2,NA,NA,10.3,7,NA,NA,NA,NA,NA,NA,NA,NA,NA,NA
1,Bu,202,6.7,5,NA,NA,NA,NA,NA,NA,NA,NA,NA,NA,NA,NA,NA,NA,NA,NA
1,Bu,203,8.4,NA,NA,8.4,1,NA,NA,NA,NA,NA,NA,NA,NA,NA,NA,NA,NA,NA
1,Bu,204,9.5,1,NA,NA,NA,NA,NA,NA,NA,NA,NA,NA,NA,NA,NA,NA,NA,NA
1,Bu,205,12.6,NA,NA,13.6,NA,NA,14.6,NA,NA,14.6,NA,NA,16.1,1,NA,NA,NA,NA
1,Bu,206,11.2,NA,NA,11.2,7,NA,NA,NA,NA,NA,NA,NA,NA,NA,NA,NA,NA,NA
1,Bu,207,7.9,1,NA,NA,NA,NA,NA,NA,NA,NA,NA,NA,NA,NA,NA,NA,NA,NA
1,Bu,208,8.7,NA,NA,8.6,7,NA,NA,NA,NA,NA,NA,NA,NA,NA,NA,NA,NA,NA
1,Bu,209,13.2,NA,NA,14.7,NA,NA,15.1,7,NA,NA,NA,NA,NA,NA,NA,NA,NA,NA
1,Bu,210,18.2,NA,NA,23.4,NA,NA,29.5,NA,NA,32.3,NA,NA,38.2,NA,NA,42.2,NA,NA
1,Bu,211,8.8,5,NA,NA,NA,NA,NA,NA,NA,NA,NA,NA,NA,NA,NA,NA,NA,NA
1,Bu,212,6.8,5,NA,NA,NA,NA,NA,NA,NA,NA,NA,NA,NA,NA,NA,NA,NA,NA
1,Bu,213,18.6,NA,NA,19.9,7,NA,NA,NA,NA,NA,NA,NA,NA,NA,NA,NA,NA,NA
1,Bu,214,16.9,NA,NA,21.7,NA,21.8,29.2,NA,28.7,33.7,NA,30.7,39.7,NA,36.1,42.8,NA,NA
1,Bu,215,13.0,NA,NA,16.4,NA,23.1,22.7,2,29.2,NA,NA,NA,NA,NA,NA,NA,NA,NA
1,Bu,216,16.2,NA,NA,17.6,NA,19.2,19.2,7,24.4,NA,NA,NA,NA,NA,NA,NA,NA,NA
1,Bu,217,8.4,1,NA,NA,NA,NA,NA,NA,NA,NA,NA,NA,NA,NA,NA,NA,NA,NA
1,Bu,218,19.9,NA,NA,23.8,NA,NA,30.9,NA,30.0,34.7,NA,33.3,41.2,NA,37.3,45.3,NA,34.7
1,Bu,219,8.7,NA,NA,8.7,4,NA,NA,NA,NA,NA,NA,NA,NA,NA,NA,NA,NA,NA
3,Ah,220,16.4,NA,NA,17.6,7,NA,NA,NA,NA,NA,NA,NA,NA,NA,NA,NA,NA,NA
1,Bu,221,7.6,1,NA,NA,NA,NA,NA,NA,NA,NA,NA,NA,NA,NA,NA,NA,NA,NA
1,Bu,222,15.1,NA,NA,18.4,7,NA,NA,NA,NA,NA,NA,NA,NA,NA,NA,NA,NA,NA
1,Bu,223,9.8,5,NA,NA,NA,NA,NA,NA,NA,NA,NA,NA,NA,NA,NA,NA,NA,NA
1,Bu,224,11.4,NA,NA,11.7,7,19.5,NA,NA,NA,NA,NA,NA,NA,NA,NA,NA,NA,NA
1,Bu,225,16.6,NA,NA,18.5,NA,NA,22.4,7,NA,NA,NA,NA,NA,NA,NA,NA,NA,NA
1,Bu,226,12.1,NA,NA,12.6,NA,20.7,13.4,NA,22.4,13.5,2,NA,NA,NA,NA,NA,NA,NA
1,Bu,227,8.0,1,NA,NA,NA,NA,NA,NA,NA,NA,NA,NA,NA,NA,NA,NA,NA,NA
1,Bu,228,8.2,1,NA,NA,NA,NA,NA,NA,NA,NA,NA,NA,NA,NA,NA,NA,NA,NA
1,Bu,229,7.8,5,NA,NA,NA,NA,NA,NA,NA,NA,NA,NA,NA,NA,NA,NA,NA,NA
1,Bu,230,9.4,NA,NA,9.3,7,NA,NA,NA,NA,NA,NA,NA,NA,NA,NA,NA,NA,NA
1,Bu,231,13.0,NA,NA,13.4,NA,NA,13.7,NA,NA,13.7,NA,NA,13.7,1,NA,NA,NA,NA
1,Bu,232,14.7,NA,NA,15.6,NA,NA,16.0,7,NA,NA,NA,NA,NA,NA,NA,NA,NA,NA
1,Bu,233,12.1,NA,NA,11.9,NA,NA,12.1,7,NA,NA,NA,NA,NA,NA,NA,NA,NA,NA
1,Bu,234,11.9,NA,NA,12.2,NA,NA,13.2,NA,NA,13.3,2,NA,NA,NA,NA,NA,NA,NA
1,Bu,235,12.2,NA,NA,12.8,7,NA,NA,NA,NA,NA,NA,NA,NA,NA,NA,NA,NA,NA
1,Bu,236,7.4,5,NA,NA,NA,NA,NA,NA,NA,NA,NA,NA,NA,NA,NA,NA,NA,NA
1,Bu,237,14.8,NA,NA,15.5,NA,NA,16.1,NA,NA,16.2,NA,NA,16.5,1,NA,NA,NA,NA
1,Bu,238,6.8,5,NA,NA,NA,NA,NA,NA,NA,NA,NA,NA,NA,NA,NA,NA,NA,NA
1,Bu,239,7.0,1,NA,NA,NA,NA,NA,NA,NA,NA,NA,NA,NA,NA,NA,NA,NA,NA
1,Bu,240,10.4,NA,NA,10.8,7,NA,NA,NA,NA,NA,NA,NA,NA,NA,NA,NA,NA,NA
1,Bu,241,23.9,NA,NA,28.8,1,NA,NA,NA,NA,NA,NA,NA,NA,NA,NA,NA,NA,NA
1,Bu,242,15.1,NA,NA,17.4,NA,22.7,21.8,2,27.8,NA,NA,NA,NA,NA,NA,NA,NA,NA
1,Bu,243,7.8,1,NA,NA,NA,NA,NA,NA,NA,NA,NA,NA,NA,NA,NA,NA,NA,NA
1,Bu,244,6.6,NA,NA,6.4,5,NA,NA,NA,NA,NA,NA,NA,NA,NA,NA,NA,NA,NA
1,Bu,245,20.8,NA,22.5,24.0,NA,NA,30.6,NA,NA,33.9,NA,NA,39.5,1,NA,NA,NA,NA
1,Bu,246,11.0,NA,NA,12.0,7,NA,NA,NA,NA,NA,NA,NA,NA,NA,NA,NA,NA,NA
3,Ah,247,17.2,NA,NA,19.9,NA,NA,24.2,NA,NA,26.3,NA,NA,27.6,1,NA,NA,NA,NA
1,Bu,248,16.3,NA,NA,18.9,NA,NA,23.2,2,NA,NA,NA,NA,NA,NA,NA,NA,NA,NA
1,Bu,249,13.0,NA,NA,12.8,7,20.0,NA,NA,NA,NA,NA,NA,NA,NA,NA,NA,NA,NA
3,Ah,250,13.3,NA,NA,13.7,7,NA,NA,NA,NA,NA,NA,NA,NA,NA,NA,NA,NA,NA
1,Bu,251,9.4,5,13.8,NA,NA,NA,NA,NA,NA,NA,NA,NA,NA,NA,NA,NA,NA,NA
1,Bu,252,11.2,1,NA,NA,NA,NA,NA,NA,NA,NA,NA,NA,NA,NA,NA,NA,NA,NA
1,Bu,253,17.9,NA,19.1,20.1,NA,23.5,24.2,NA,27.2,26.7,NA,30.5,31.9,NA,34.0,35.7,NA,31.0
1,Bu,254,11.3,NA,19.0,11.3,7,NA,NA,NA,NA,NA,NA,NA,NA,NA,NA,NA,NA,NA
1,Bu,255,18.9,NA,NA,20.5,1,23.0,NA,NA,NA,NA,NA,NA,NA,NA,NA,NA,NA,NA
1,Bu,256,15.4,NA,NA,16.3,NA,NA,19.3,7,NA,NA,NA,NA,NA,NA,NA,NA,NA,NA
1,Bu,257,14.4,NA,NA,16.0,NA,NA,17.7,7,NA,NA,NA,NA,NA,NA,NA,NA,NA,NA
1,Bu,258,10.0,1,16.6,NA,NA,NA,NA,NA,NA,NA,NA,NA,NA,NA,NA,NA,NA,NA
1,Bu,259,15.7,NA,20.5,17.7,NA,24.8,21.9,2,NA,NA,NA,NA,NA,NA,NA,NA,NA,NA
1,Bu,260,17.3,NA,NA,20.6,7,NA,NA,NA,NA,NA,NA,NA,NA,NA,NA,NA,NA,NA
1,Bu,261,18.6,NA,NA,23.0,NA,27.0,31.0,NA,NA,34.4,2,NA,NA,NA,NA,NA,NA,NA
1,Bu,262,10.6,NA,NA,11.0,6,NA,NA,NA,NA,NA,NA,NA,NA,NA,NA,NA,NA,NA
1,Bu,263,7.8,1,NA,NA,NA,NA,NA,NA,NA,NA,NA,NA,NA,NA,NA,NA,NA,NA
1,Bu,264,10.5,1,NA,NA,NA,NA,NA,NA,NA,NA,NA,NA,NA,NA,NA,NA,NA,NA
1,Bu,265,20.1,NA,NA,25.7,NA,NA,32.6,NA,NA,35.3,NA,NA,38.8,NA,NA,41.3,NA,33.1
1,Bu,266,19.7,NA,19.5,23.9,NA,NA,31.6,NA,NA,37.4,NA,NA,46.1,NA,NA,50.3,NA,33.8
1,Bu,267,9.6,1,NA,NA,NA,NA,NA,NA,NA,NA,NA,NA,NA,NA,NA,NA,NA,NA
1,Bu,268,9.3,1,NA,NA,NA,NA,NA,NA,NA,NA,NA,NA,NA,NA,NA,NA,NA,NA
1,Bu,269,9.3,1,NA,NA,NA,NA,NA,NA,NA,NA,NA,NA,NA,NA,NA,NA,NA,NA
1,Bu,270,11.1,NA,NA,11.0,NA,NA,11.3,7,NA,NA,NA,NA,NA,NA,NA,NA,NA,NA
1,Bu,271,14.8,NA,NA,17.2,NA,NA,19.7,2,NA,NA,NA,NA,NA,NA,NA,NA,NA,NA
1,Bu,272,6.3,1,NA,NA,NA,NA,NA,NA,NA,NA,NA,NA,NA,NA,NA,NA,NA,NA
1,Bu,273,12.5,NA,NA,13.0,NA,NA,15.5,7,NA,NA,NA,NA,NA,NA,NA,NA,NA,NA
1,Bu,274,12.1,NA,18.4,13.8,NA,NA,15.6,7,NA,NA,NA,NA,NA,NA,NA,NA,NA,NA
1,Bu,275,11.6,NA,NA,11.8,7,NA,NA,NA,NA,NA,NA,NA,NA,NA,NA,NA,NA,NA
1,Bu,276,10.7,NA,NA,12.0,7,NA,NA,NA,NA,NA,NA,NA,NA,NA,NA,NA,NA,NA
1,Bu,277,8.7,1,NA,NA,NA,NA,NA,NA,NA,NA,NA,NA,NA,NA,NA,NA,NA,NA
3,Ah,278,18.3,NA,NA,20.5,NA,NA,23.8,NA,NA,24.6,NA,NA,24.8,1,NA,NA,NA,NA
1,Bu,279,7.2,1,NA,NA,NA,NA,NA,NA,NA,NA,NA,NA,NA,NA,NA,NA,NA,NA
1,Bu,280,14.1,NA,NA,16.1,1,NA,NA,NA,NA,NA,NA,NA,NA,NA,NA,NA,NA,NA
1,Bu,281,11.6,NA,NA,11.4,7,NA,NA,NA,NA,NA,NA,NA,NA,NA,NA,NA,NA,NA
1,Bu,282,5.9,5,NA,NA,NA,NA,NA,NA,NA,NA,NA,NA,NA,NA,NA,NA,NA,NA
1,Bu,283,7.7,1,NA,NA,NA,NA,NA,NA,NA,NA,NA,NA,NA,NA,NA,NA,NA,NA
1,Bu,284,10.1,1,NA,NA,NA,NA,NA,NA,NA,NA,NA,NA,NA,NA,NA,NA,NA,NA
1,Bu,285,7.4,5,NA,NA,NA,NA,NA,NA,NA,NA,NA,NA,NA,NA,NA,NA,NA,NA
1,Bu,286,8.8,5,NA,NA,NA,NA,NA,NA,NA,NA,NA,NA,NA,NA,NA,NA,NA,NA
1,Bu,287,11.1,NA,NA,11.0,1,NA,NA,NA,NA,NA,NA,NA,NA,NA,NA,NA,NA,NA
1,Bu,288,5.5,1,NA,NA,NA,NA,NA,NA,NA,NA,NA,NA,NA,NA,NA,NA,NA,NA
1,Bu,289,10.9,NA,NA,11.2,NA,NA,12.6,7,NA,NA,NA,NA,NA,NA,NA,NA,NA,NA
1,Bu,290,11.3,NA,NA,11.5,1,NA,NA,NA,NA,NA,NA,NA,NA,NA,NA,NA,NA,NA
1,Bu,291,8.4,1,NA,NA,NA,NA,NA,NA,NA,NA,NA,NA,NA,NA,NA,NA,NA,NA
1,Bu,292,6.7,1,NA,NA,NA,NA,NA,NA,NA,NA,NA,NA,NA,NA,NA,NA,NA,NA
1,Bu,293,7.1,1,NA,NA,NA,NA,NA,NA,NA,NA,NA,NA,NA,NA,NA,NA,NA,NA
1,Bu,294,7.8,1,NA,NA,NA,NA,NA,NA,NA,NA,NA,NA,NA,NA,NA,NA,NA,NA
1,Bu,295,19.3,NA,NA,24.8,NA,NA,33.6,NA,28.3,38.5,2,33.4,NA,NA,NA,NA,NA,NA
1,Bu,296,7.8,1,NA,NA,NA,NA,NA,NA,NA,NA,NA,NA,NA,NA,NA,NA,NA,NA
2,Es,297,16.8,NA,NA,21.2,NA,NA,22.9,NA,NA,24.6,NA,NA,25.0,NA,NA,25.8,NA,NA
3,Ah,298,7.4,5,NA,NA,NA,NA,NA,NA,NA,NA,NA,NA,NA,NA,NA,NA,NA,NA
2,Es,299,7.4,1,NA,NA,NA,NA,NA,NA,NA,NA,NA,NA,NA,NA,NA,NA,NA,NA
3,Ah,300,14.0,NA,NA,18.4,1,NA,NA,NA,NA,NA,NA,NA,NA,NA,NA,NA,NA,NA
2,Es,301,9.4,1,NA,NA,NA,NA,NA,NA,NA,NA,NA,NA,NA,NA,NA,NA,NA,NA
3,Ah,302,8.0,1,NA,NA,NA,NA,NA,NA,NA,NA,NA,NA,NA,NA,NA,NA,NA,NA
2,Es,303,6.1,1,NA,NA,NA,NA,NA,NA,NA,NA,NA,NA,NA,NA,NA,NA,NA,NA
2,Es,304,5.8,1,NA,NA,NA,NA,NA,NA,NA,NA,NA,NA,NA,NA,NA,NA,NA,NA
1,Bu,305,12.0,NA,NA,12.2,NA,NA,12.6,7,NA,NA,NA,NA,NA,NA,NA,NA,NA,NA
2,Es,306,10.6,NA,NA,16.2,NA,NA,21.4,NA,NA,24.0,NA,NA,26.0,NA,NA,27.0,NA,NA
1,Bu,307,15.1,1,NA,NA,NA,NA,NA,NA,NA,NA,NA,NA,NA,NA,NA,NA,NA,NA
1,Bu,308,11.6,NA,NA,12.9,NA,NA,14.6,NA,NA,15.2,NA,NA,17.3,1,NA,NA,NA,NA
1,Bu,309,7.8,1,NA,NA,NA,NA,NA,NA,NA,NA,NA,NA,NA,NA,NA,NA,NA,NA
1,Bu,310,7.7,1,NA,NA,NA,NA,NA,NA,NA,NA,NA,NA,NA,NA,NA,NA,NA,NA
1,Bu,311,17.6,NA,NA,21.2,NA,NA,30.1,NA,NA,34.6,NA,NA,40.5,NA,NA,45.8,NA,NA
1,Bu,312,14.8,1,NA,NA,NA,NA,NA,NA,NA,NA,NA,NA,NA,NA,NA,NA,NA,NA
1,Bu,313,7.2,1,NA,NA,NA,NA,NA,NA,NA,NA,NA,NA,NA,NA,NA,NA,NA,NA
2,Es,314,13.2,NA,NA,16.8,NA,NA,21.4,2,NA,NA,NA,NA,NA,NA,NA,NA,NA,NA
1,Bu,315,10.8,NA,NA,11.4,7,NA,NA,NA,NA,NA,NA,NA,NA,NA,NA,NA,NA,NA
1,Bu,316,6.7,5,NA,NA,NA,NA,NA,NA,NA,NA,NA,NA,NA,NA,NA,NA,NA,NA
1,Bu,317,6.8,5,NA,NA,NA,NA,NA,NA,NA,NA,NA,NA,NA,NA,NA,NA,NA,NA
1,Bu,318,7.4,5,NA,NA,NA,NA,NA,NA,NA,NA,NA,NA,NA,NA,NA,NA,NA,NA
1,Bu,319,13.7,1,NA,NA,NA,NA,NA,NA,NA,NA,NA,NA,NA,NA,NA,NA,NA,NA
1,Bu,320,21.5,NA,NA,28.0,NA,NA,37.6,NA,NA,42.5,NA,NA,48.7,NA,NA,53.9,NA,NA
1,Bu,321,11.6,1,NA,NA,NA,NA,NA,NA,NA,NA,NA,NA,NA,NA,NA,NA,NA,NA
1,Bu,322,14.9,1,NA,NA,NA,NA,NA,NA,NA,NA,NA,NA,NA,NA,NA,NA,NA,NA
1,Bu,323,11.0,NA,NA,11.6,7,NA,NA,NA,NA,NA,NA,NA,NA,NA,NA,NA,NA,NA
1,Bu,324,6.6,1,NA,NA,NA,NA,NA,NA,NA,NA,NA,NA,NA,NA,NA,NA,NA,NA
1,Bu,325,8.7,1,NA,NA,NA,NA,NA,NA,NA,NA,NA,NA,NA,NA,NA,NA,NA,NA
1,Bu,326,10.2,NA,NA,10.2,7,NA,NA,NA,NA,NA,NA,NA,NA,NA,NA,NA,NA,NA
1,Bu,327,16.5,NA,NA,20.3,NA,NA,26.2,NA,32.3,29.6,NA,31.1,35.3,NA,35.4,38.7,NA,33.9
1,Bu,328,9.7,1,NA,NA,NA,NA,NA,NA,NA,NA,NA,NA,NA,NA,NA,NA,NA,NA
1,Bu,329,18.6,NA,NA,23.4,NA,NA,31.4,2,NA,NA,NA,NA,NA,NA,NA,NA,NA,NA
1,Bu,330,17.8,NA,NA,21.0,1,NA,NA,NA,NA,NA,NA,NA,NA,NA,NA,NA,NA,NA
1,Bu,331,16.1,NA,NA,19.5,NA,NA,24.9,NA,NA,27.6,NA,NA,31.9,NA,NA,32.6,NA,NA
1,Bu,332,9.4,1,NA,NA,NA,NA,NA,NA,NA,NA,NA,NA,NA,NA,NA,NA,NA,NA
1,Bu,333,7.4,1,NA,NA,NA,NA,NA,NA,NA,NA,NA,NA,NA,NA,NA,NA,NA,NA
1,Bu,334,10.8,1,NA,NA,NA,NA,NA,NA,NA,NA,NA,NA,NA,NA,NA,NA,NA,NA
1,Bu,335,9.2,1,NA,NA,NA,NA,NA,NA,NA,NA,NA,NA,NA,NA,NA,NA,NA,NA
1,Bu,336,6.2,1,NA,NA,NA,NA,NA,NA,NA,NA,NA,NA,NA,NA,NA,NA,NA,NA
1,Bu,337,12.8,1,18.8,NA,NA,NA,NA,NA,NA,NA,NA,NA,NA,NA,NA,NA,NA,NA
1,Bu,338,13.9,NA,NA,16.1,NA,NA,19.3,NA,26.5,20.6,NA,NA,23.3,1,NA,NA,NA,NA
1,Bu,339,10.6,NA,NA,11.4,1,NA,NA,NA,NA,NA,NA,NA,NA,NA,NA,NA,NA,NA
1,Bu,340,9.2,1,NA,NA,NA,NA,NA,NA,NA,NA,NA,NA,NA,NA,NA,NA,NA,NA
1,Bu,341,13.0,NA,NA,15.4,NA,NA,21.7,NA,NA,24.6,NA,NA,28.8,NA,NA,31.5,NA,32.2
1,Bu,342,9.1,1,NA,NA,NA,NA,NA,NA,NA,NA,NA,NA,NA,NA,NA,NA,NA,NA
1,Bu,343,10.0,NA,NA,10.3,7,NA,NA,NA,NA,NA,NA,NA,NA,NA,NA,NA,NA,NA
1,Bu,344,11.7,NA,NA,12.0,7,NA,NA,NA,NA,NA,NA,NA,NA,NA,NA,NA,NA,NA
1,Bu,345,15.4,NA,NA,16.2,NA,NA,18.2,2,NA,NA,NA,NA,NA,NA,NA,NA,NA,NA
3,Ah,346,16.6,1,NA,NA,NA,NA,NA,NA,NA,NA,NA,NA,NA,NA,NA,NA,NA,NA
1,Bu,347,12.5,NA,NA,15.6,NA,NA,19.4,2,NA,NA,NA,NA,NA,NA,NA,NA,NA,NA
1,Bu,348,11.2,1,NA,NA,NA,NA,NA,NA,NA,NA,NA,NA,NA,NA,NA,NA,NA,NA
1,Bu,349,9.1,1,NA,NA,NA,NA,NA,NA,NA,NA,NA,NA,NA,NA,NA,NA,NA,NA
1,Bu,350,10.1,1,NA,NA,NA,NA,NA,NA,NA,NA,NA,NA,NA,NA,NA,NA,NA,NA
2,Es,351,14.4,NA,NA,18.3,NA,NA,20.5,2,NA,NA,NA,NA,NA,NA,NA,NA,NA,NA
1,Bu,352,11.0,1,NA,NA,NA,NA,NA,NA,NA,NA,NA,NA,NA,NA,NA,NA,NA,NA
1,Bu,353,9.9,1,NA,NA,NA,NA,NA,NA,NA,NA,NA,NA,NA,NA,NA,NA,NA,NA
1,Bu,354,21.2,NA,NA,25.0,NA,NA,35.4,2,NA,NA,NA,NA,NA,NA,NA,NA,NA,NA
1,Bu,355,10.3,1,18.8,NA,NA,NA,NA,NA,NA,NA,NA,NA,NA,NA,NA,NA,NA,NA
1,Bu,356,20.6,NA,NA,21.8,1,NA,NA,NA,NA,NA,NA,NA,NA,NA,NA,NA,NA,NA
1,Bu,357,16.7,NA,21.5,18.5,NA,NA,21.6,2,NA,NA,NA,NA,NA,NA,NA,NA,NA,NA
1,Bu,358,14.1,NA,18.2,16.2,7,NA,NA,NA,NA,NA,NA,NA,NA,NA,NA,NA,NA,NA
1,Bu,359,8.8,1,NA,NA,NA,NA,NA,NA,NA,NA,NA,NA,NA,NA,NA,NA,NA,NA
1,Bu,360,9.6,1,NA,NA,NA,NA,NA,NA,NA,NA,NA,NA,NA,NA,NA,NA,NA,NA
1,Bu,361,21.8,NA,NA,27.4,NA,27.1,36.8,NA,32.4,41.1,NA,33.2,45.5,NA,37.2,50.1,6,NA
1,Bu,362,11.8,NA,NA,12.8,7,NA,NA,NA,NA,NA,NA,NA,NA,NA,NA,NA,NA,NA
1,Bu,363,14.9,NA,NA,16.5,7,NA,NA,NA,NA,NA,NA,NA,NA,NA,NA,NA,NA,NA
1,Bu,364,7.9,5,NA,NA,NA,NA,NA,NA,NA,NA,NA,NA,NA,NA,NA,NA,NA,NA
1,Bu,365,18.3,NA,NA,22.1,NA,24.0,29.8,2,26.2,NA,NA,NA,NA,NA,NA,NA,NA,NA
1,Bu,366,9.3,NA,NA,9.2,7,NA,NA,NA,NA,NA,NA,NA,NA,NA,NA,NA,NA,NA
1,Bu,367,6.4,1,NA,NA,NA,NA,NA,NA,NA,NA,NA,NA,NA,NA,NA,NA,NA,NA
1,Bu,368,7.5,1,NA,NA,NA,NA,NA,NA,NA,NA,NA,NA,NA,NA,NA,NA,NA,NA
3,Ah,369,15.3,NA,NA,17.4,NA,NA,20.9,2,NA,NA,NA,NA,NA,NA,NA,NA,NA,NA
1,Bu,370,9.9,NA,NA,9.9,7,NA,NA,NA,NA,NA,NA,NA,NA,NA,NA,NA,NA,NA
1,Bu,371,6.8,1,NA,NA,NA,NA,NA,NA,NA,NA,NA,NA,NA,NA,NA,NA,NA,NA
1,Bu,372,12.6,NA,NA,13.4,NA,22.5,15.9,NA,23.6,16.5,NA,NA,18.1,1,NA,NA,NA,NA
1,Bu,373,16.0,NA,NA,20.4,7,NA,NA,NA,NA,NA,NA,NA,NA,NA,NA,NA,NA,NA
2,Es,374,10.5,NA,NA,12.5,7,NA,NA,NA,NA,NA,NA,NA,NA,NA,NA,NA,NA,NA
1,Bu,375,6.5,5,NA,NA,NA,NA,NA,NA,NA,NA,NA,NA,NA,NA,NA,NA,NA,NA
1,Bu,376,9.0,NA,NA,9.1,7,NA,NA,NA,NA,NA,NA,NA,NA,NA,NA,NA,NA,NA
1,Bu,377,9.4,NA,NA,9.4,7,NA,NA,NA,NA,NA,NA,NA,NA,NA,NA,NA,NA,NA
1,Bu,378,13.4,NA,NA,14.4,1,NA,NA,NA,NA,NA,NA,NA,NA,NA,NA,NA,NA,NA
1,Bu,379,18.0,NA,NA,19.4,7,NA,NA,NA,NA,NA,NA,NA,NA,NA,NA,NA,NA,NA
1,Bu,380,10.8,1,NA,NA,NA,NA,NA,NA,NA,NA,NA,NA,NA,NA,NA,NA,NA,NA
1,Bu,381,26.6,NA,NA,33.6,NA,NA,43.6,NA,NA,48.1,2,NA,NA,NA,NA,NA,NA,NA
1,Bu,382,9.4,5,NA,NA,NA,NA,NA,NA,NA,NA,NA,NA,NA,NA,NA,NA,NA,NA
1,Bu,383,8.5,5,NA,NA,NA,NA,NA,NA,NA,NA,NA,NA,NA,NA,NA,NA,NA,NA
1,Bu,384,8.8,5,NA,NA,NA,NA,NA,NA,NA,NA,NA,NA,NA,NA,NA,NA,NA,NA
1,Bu,385,13.6,NA,NA,14.4,1,NA,NA,NA,NA,NA,NA,NA,NA,NA,NA,NA,NA,NA
1,Bu,386,14.5,NA,NA,18.6,NA,NA,25.6,2,NA,NA,NA,NA,NA,NA,NA,NA,NA,NA
1,Bu,387,6.7,5,NA,NA,NA,NA,NA,NA,NA,NA,NA,NA,NA,NA,NA,NA,NA,NA
1,Bu,388,16.0,NA,NA,18.6,NA,22.0,22.8,2,25.7,NA,NA,NA,NA,NA,NA,NA,NA,NA
1,Bu,389,15.8,NA,NA,18.1,NA,NA,22.9,7,NA,NA,NA,NA,NA,NA,NA,NA,NA,NA
1,Bu,390,18.3,NA,NA,19.6,NA,NA,22.9,NA,NA,24.1,NA,NA,28.1,1,NA,NA,NA,NA
1,Bu,391,10.6,1,NA,NA,NA,NA,NA,NA,NA,NA,NA,NA,NA,NA,NA,NA,NA,NA
1,Bu,392,7.5,NA,NA,7.7,7,NA,NA,NA,NA,NA,NA,NA,NA,NA,NA,NA,NA,NA
1,Bu,393,22.9,NA,NA,28.0,1,NA,NA,NA,NA,NA,NA,NA,NA,NA,NA,NA,NA,NA
1,Bu,394,14.3,NA,NA,16.3,7,NA,NA,NA,NA,NA,NA,NA,NA,NA,NA,NA,NA,NA
1,Bu,395,6.8,NA,14.8,6.6,7,NA,NA,NA,NA,NA,NA,NA,NA,NA,NA,NA,NA,NA
1,Bu,396,17.9,NA,NA,23.7,NA,25.5,33.1,NA,28.8,38.4,NA,30.7,47.9,NA,34.2,54.0,NA,NA
1,Bu,397,6.7,1,15.2,NA,NA,NA,NA,NA,NA,NA,NA,NA,NA,NA,NA,NA,NA,NA
1,Bu,398,9.3,NA,NA,9.4,7,21.0,NA,NA,NA,NA,NA,NA,NA,NA,NA,NA,NA,NA
1,Bu,399,10.7,NA,NA,10.9,7,NA,NA,NA,NA,NA,NA,NA,NA,NA,NA,NA,NA,NA
1,Bu,400,9.5,1,NA,NA,NA,NA,NA,NA,NA,NA,NA,NA,NA,NA,NA,NA,NA,NA
1,Bu,401,10.8,NA,NA,10.7,7,NA,NA,NA,NA,NA,NA,NA,NA,NA,NA,NA,NA,NA
1,Bu,402,15.1,NA,NA,19.7,NA,NA,26.0,2,NA,NA,NA,NA,NA,NA,NA,NA,NA,NA
1,Bu,403,8.1,1,NA,NA,NA,NA,NA,NA,NA,NA,NA,NA,NA,NA,NA,NA,NA,NA
1,Bu,404,7.4,5,NA,NA,NA,NA,NA,NA,NA,NA,NA,NA,NA,NA,NA,NA,NA,NA
1,Bu,405,6.9,1,NA,NA,NA,NA,NA,NA,NA,NA,NA,NA,NA,NA,NA,NA,NA,NA
1,Bu,406,16.9,NA,NA,20.1,NA,NA,25.4,2,NA,NA,NA,NA,NA,NA,NA,NA,NA,NA
1,Bu,407,12.3,NA,NA,12.9,7,NA,NA,NA,NA,NA,NA,NA,NA,NA,NA,NA,NA,NA
1,Bu,408,6.4,1,NA,NA,NA,NA,NA,NA,NA,NA,NA,NA,NA,NA,NA,NA,NA,NA
1,Bu,409,14.9,NA,NA,16.9,NA,NA,19.7,7,NA,NA,NA,NA,NA,NA,NA,NA,NA,NA
1,Bu,410,10.6,NA,NA,11.0,7,NA,NA,NA,NA,NA,NA,NA,NA,NA,NA,NA,NA,NA
1,Bu,411,8.3,1,NA,NA,NA,NA,NA,NA,NA,NA,NA,NA,NA,NA,NA,NA,NA,NA
1,Bu,412,16.6,NA,NA,19.6,NA,NA,23.0,2,NA,NA,NA,NA,NA,NA,NA,NA,NA,NA
1,Bu,413,16.5,NA,NA,20.3,NA,NA,24.8,NA,NA,27.2,NA,NA,32.1,1,NA,NA,NA,NA
2,Es,414,19.9,NA,NA,25.9,1,NA,NA,NA,NA,NA,NA,NA,NA,NA,NA,NA,NA,NA
1,Bu,415,8.9,1,NA,NA,NA,NA,NA,NA,NA,NA,NA,NA,NA,NA,NA,NA,NA,NA
1,Bu,416,16.6,NA,NA,19.9,NA,NA,27.6,NA,NA,31.5,NA,NA,36.8,NA,NA,39.7,NA,33.6
1,Bu,417,8.4,5,NA,NA,NA,NA,NA,NA,NA,NA,NA,NA,NA,NA,NA,NA,NA,NA
1,Bu,418,12.7,NA,NA,13.4,7,NA,NA,NA,NA,NA,NA,NA,NA,NA,NA,NA,NA,NA
1,Bu,419,9.9,1,NA,NA,NA,NA,NA,NA,NA,NA,NA,NA,NA,NA,NA,NA,NA,NA
1,Bu,420,9.3,1,NA,NA,NA,NA,NA,NA,NA,NA,NA,NA,NA,NA,NA,NA,NA,NA
1,Bu,421,7.4,5,13.1,NA,NA,NA,NA,NA,NA,NA,NA,NA,NA,NA,NA,NA,NA,NA
1,Bu,422,8.2,5,NA,NA,NA,NA,NA,NA,NA,NA,NA,NA,NA,NA,NA,NA,NA,NA
1,Bu,423,9.6,1,NA,NA,NA,NA,NA,NA,NA,NA,NA,NA,NA,NA,NA,NA,NA,NA
1,Bu,424,10.1,1,NA,NA,NA,NA,NA,NA,NA,NA,NA,NA,NA,NA,NA,NA,NA,NA
1,Bu,425,17.8,NA,19.0,22.0,NA,NA,32.6,NA,NA,37.8,NA,NA,45.4,NA,NA,48.4,NA,NA
1,Bu,426,7.6,1,NA,NA,NA,NA,NA,NA,NA,NA,NA,NA,NA,NA,NA,NA,NA,NA
1,Bu,427,12.8,NA,NA,14.8,NA,25.5,16.8,7,25.4,NA,NA,NA,NA,NA,NA,NA,NA,NA
1,Bu,428,9.7,1,12.3,NA,NA,NA,NA,NA,NA,NA,NA,NA,NA,NA,NA,NA,NA,NA
1,Bu,429,8.8,1,NA,NA,NA,NA,NA,NA,NA,NA,NA,NA,NA,NA,NA,NA,NA,NA
1,Bu,430,16.7,NA,NA,19.5,NA,NA,24.7,NA,NA,27.8,NA,NA,34.9,NA,NA,38.0,2,NA
1,Bu,431,12.0,1,NA,NA,NA,NA,NA,NA,NA,NA,NA,NA,NA,NA,NA,NA,NA,NA
1,Bu,432,12.8,1,NA,NA,NA,NA,NA,NA,NA,NA,NA,NA,NA,NA,NA,NA,NA,NA
1,Bu,433,15.1,NA,NA,17.6,NA,24.9,22.4,2,31.0,NA,NA,NA,NA,NA,NA,NA,NA,NA
1,Bu,434,7.6,5,NA,NA,NA,NA,NA,NA,NA,NA,NA,NA,NA,NA,NA,NA,NA,NA
1,Bu,435,16.5,NA,NA,17.7,NA,24.8,19.4,NA,26.7,20.5,NA,27.6,25.9,1,30.6,NA,NA,NA
1,Bu,436,12.2,NA,NA,12.2,6,NA,NA,NA,NA,NA,NA,NA,NA,NA,NA,NA,NA,NA
1,Bu,437,10.6,1,NA,NA,NA,NA,NA,NA,NA,NA,NA,NA,NA,NA,NA,NA,NA,NA
2,Es,438,20.0,NA,NA,26.4,NA,NA,31.8,2,NA,NA,NA,NA,NA,NA,NA,NA,NA,NA
1,Bu,439,11.6,1,NA,NA,NA,NA,NA,NA,NA,NA,NA,NA,NA,NA,NA,NA,NA,NA
1,Bu,440,10.9,1,NA,NA,NA,NA,NA,NA,NA,NA,NA,NA,NA,NA,NA,NA,NA,NA
1,Bu,441,8.7,5,NA,NA,NA,NA,NA,NA,NA,NA,NA,NA,NA,NA,NA,NA,NA,NA
1,Bu,442,5.3,1,NA,NA,NA,NA,NA,NA,NA,NA,NA,NA,NA,NA,NA,NA,NA,NA
2,Es,443,15.3,NA,NA,19.2,NA,NA,22.5,NA,NA,24.4,NA,NA,28.1,NA,NA,30.4,NA,NA
1,Bu,444,12.7,NA,NA,13.2,7,24.1,NA,NA,NA,NA,NA,NA,NA,NA,NA,NA,NA,NA
1,Bu,445,6.2,5,NA,NA,NA,NA,NA,NA,NA,NA,NA,NA,NA,NA,NA,NA,NA,NA
1,Bu,446,10.4,1,NA,NA,NA,NA,NA,NA,NA,NA,NA,NA,NA,NA,NA,NA,NA,NA
1,Bu,447,13.2,NA,NA,13.2,7,NA,NA,NA,NA,NA,NA,NA,NA,NA,NA,NA,NA,NA
1,Bu,448,27.2,NA,NA,32.0,NA,22.5,38.4,2,27.0,NA,NA,NA,NA,NA,NA,NA,NA,NA
1,Bu,449,11.4,1,NA,NA,NA,NA,NA,NA,NA,NA,NA,NA,NA,NA,NA,NA,NA,NA
1,Bu,450,12.7,NA,NA,13.6,NA,NA,14.0,7,NA,NA,NA,NA,NA,NA,NA,NA,NA,NA
1,Bu,451,8.4,1,NA,NA,NA,NA,NA,NA,NA,NA,NA,NA,NA,NA,NA,NA,NA,NA
1,Bu,452,16.1,NA,NA,17.4,NA,NA,18.7,2,NA,NA,NA,NA,NA,NA,NA,NA,NA,NA
1,Bu,453,17.0,NA,NA,17.4,NA,NA,19.6,7,NA,NA,NA,NA,NA,NA,NA,NA,NA,NA
1,Bu,454,6.4,1,NA,NA,NA,NA,NA,NA,NA,NA,NA,NA,NA,NA,NA,NA,NA,NA
1,Bu,455,17.6,NA,NA,21.9,NA,NA,30.5,NA,NA,34.9,NA,NA,39.4,NA,NA,41.5,NA,NA
1,Bu,456,8.8,1,NA,NA,NA,NA,NA,NA,NA,NA,NA,NA,NA,NA,NA,NA,NA,NA
1,Bu,457,10.4,1,NA,NA,NA,NA,NA,NA,NA,NA,NA,NA,NA,NA,NA,NA,NA,NA
1,Bu,458,14.8,NA,NA,15.6,7,NA,NA,NA,NA,NA,NA,NA,NA,NA,NA,NA,NA,NA
1,Bu,459,7.7,1,NA,NA,NA,NA,NA,NA,NA,NA,NA,NA,NA,NA,NA,NA,NA,NA
1,Bu,460,16.4,NA,NA,18.2,1,NA,NA,NA,NA,NA,NA,NA,NA,NA,NA,NA,NA,NA
1,Bu,461,8.3,1,NA,NA,NA,NA,NA,NA,NA,NA,NA,NA,NA,NA,NA,NA,NA,NA
1,Bu,462,15.7,NA,NA,17.2,1,NA,NA,NA,NA,NA,NA,NA,NA,NA,NA,NA,NA,NA
1,Bu,463,16.0,NA,NA,17.8,NA,NA,20.4,7,NA,NA,NA,NA,NA,NA,NA,NA,NA,NA
1,Bu,464,17.2,NA,NA,19.4,NA,NA,25.2,NA,NA,27.8,2,NA,NA,NA,NA,NA,NA,NA
1,Bu,465,5.8,1,NA,NA,NA,NA,NA,NA,NA,NA,NA,NA,NA,NA,NA,NA,NA,NA
1,Bu,466,15.3,NA,NA,17.9,NA,NA,23.1,2,NA,NA,NA,NA,NA,NA,NA,NA,NA,NA
1,Bu,467,13.2,NA,NA,14.7,NA,NA,17.1,7,NA,NA,NA,NA,NA,NA,NA,NA,NA,NA
1,Bu,468,15.5,NA,NA,17.4,NA,NA,21.8,NA,NA,24.4,NA,NA,29.3,NA,NA,32.7,2,NA
1,Bu,469,12.9,NA,NA,14.8,NA,NA,18.8,7,NA,NA,NA,NA,NA,NA,NA,NA,NA,NA
1,Bu,470,12.1,NA,NA,12.8,7,NA,NA,NA,NA,NA,NA,NA,NA,NA,NA,NA,NA,NA
1,Bu,471,7.0,1,NA,NA,NA,NA,NA,NA,NA,NA,NA,NA,NA,NA,NA,NA,NA,NA
1,Bu,472,8.0,1,NA,NA,NA,NA,NA,NA,NA,NA,NA,NA,NA,NA,NA,NA,NA,NA
1,Bu,473,17.4,NA,NA,22.0,NA,NA,28.7,NA,NA,31.6,NA,NA,34.2,NA,NA,35.9,2,NA
1,Bu,474,14.9,1,NA,NA,NA,NA,NA,NA,NA,NA,NA,NA,NA,NA,NA,NA,NA,NA
1,Bu,475,6.3,1,NA,NA,NA,NA,NA,NA,NA,NA,NA,NA,NA,NA,NA,NA,NA,NA
1,Bu,476,11.7,NA,NA,12.8,7,NA,NA,NA,NA,NA,NA,NA,NA,NA,NA,NA,NA,NA
1,Bu,477,15.2,NA,NA,19.3,NA,NA,24.7,NA,NA,27.8,NA,NA,31.4,NA,NA,34.3,NA,NA
1,Bu,478,14.4,NA,21.2,17.7,NA,NA,23.3,NA,NA,26.1,NA,NA,29.0,1,NA,NA,NA,NA
1,Bu,479,17.1,NA,NA,20.3,NA,NA,26.0,2,NA,NA,NA,NA,NA,NA,NA,NA,NA,NA
1,Bu,480,13.4,NA,NA,14.7,1,NA,NA,NA,NA,NA,NA,NA,NA,NA,NA,NA,NA,NA
1,Bu,481,15.2,NA,16.4,15.6,NA,NA,17.0,7,NA,NA,NA,NA,NA,NA,NA,NA,NA,NA
1,Bu,482,7.8,1,NA,NA,NA,NA,NA,NA,NA,NA,NA,NA,NA,NA,NA,NA,NA,NA
1,Bu,483,7.5,1,NA,NA,NA,NA,NA,NA,NA,NA,NA,NA,NA,NA,NA,NA,NA,NA
1,Bu,484,10.3,1,NA,NA,NA,NA,NA,NA,NA,NA,NA,NA,NA,NA,NA,NA,NA,NA
1,Bu,485,16.6,1,21.3,NA,NA,NA,NA,NA,NA,NA,NA,NA,NA,NA,NA,NA,NA,NA
1,Bu,486,14.4,NA,NA,16.8,NA,NA,23.6,NA,NA,27.2,NA,NA,31.7,NA,NA,34.6,NA,NA
1,Bu,487,9.7,1,16.0,NA,NA,NA,NA,NA,NA,NA,NA,NA,NA,NA,NA,NA,NA,NA
1,Bu,488,10.7,NA,NA,10.7,7,NA,NA,NA,NA,NA,NA,NA,NA,NA,NA,NA,NA,NA
3,Ah,489,14.6,1,NA,NA,NA,NA,NA,NA,NA,NA,NA,NA,NA,NA,NA,NA,NA,NA
1,Bu,490,6.9,1,NA,NA,NA,NA,NA,NA,NA,NA,NA,NA,NA,NA,NA,NA,NA,NA
1,Bu,491,12.7,NA,NA,13.2,7,NA,NA,NA,NA,NA,NA,NA,NA,NA,NA,NA,NA,NA
1,Bu,492,9.0,1,NA,NA,NA,NA,NA,NA,NA,NA,NA,NA,NA,NA,NA,NA,NA,NA
1,Bu,493,13.0,NA,NA,14.5,NA,NA,16.4,7,NA,NA,NA,NA,NA,NA,NA,NA,NA,NA
1,Bu,494,10.7,1,NA,NA,NA,NA,NA,NA,NA,NA,NA,NA,NA,NA,NA,NA,NA,NA
1,Bu,495,23.0,NA,NA,29.7,1,NA,NA,NA,NA,NA,NA,NA,NA,NA,NA,NA,NA,NA
1,Bu,496,7.5,1,NA,NA,NA,NA,NA,NA,NA,NA,NA,NA,NA,NA,NA,NA,NA,NA
1,Bu,497,7.0,1,NA,NA,NA,NA,NA,NA,NA,NA,NA,NA,NA,NA,NA,NA,NA,NA
1,Bu,498,7.9,1,NA,NA,NA,NA,NA,NA,NA,NA,NA,NA,NA,NA,NA,NA,NA,NA
1,Bu,499,15.6,1,NA,NA,NA,NA,NA,NA,NA,NA,NA,NA,NA,NA,NA,NA,NA,NA
1,Bu,500,11.8,1,NA,NA,NA,NA,NA,NA,NA,NA,NA,NA,NA,NA,NA,NA,NA,NA
1,Bu,501,8.0,1,NA,NA,NA,NA,NA,NA,NA,NA,NA,NA,NA,NA,NA,NA,NA,NA
1,Bu,502,10.8,NA,17.9,10.8,6,NA,NA,NA,NA,NA,NA,NA,NA,NA,NA,NA,NA,NA
1,Bu,503,8.6,1,NA,NA,NA,NA,NA,NA,NA,NA,NA,NA,NA,NA,NA,NA,NA,NA
1,Bu,504,7.5,1,NA,NA,NA,NA,NA,NA,NA,NA,NA,NA,NA,NA,NA,NA,NA,NA
1,Bu,505,12.4,NA,NA,13.0,7,NA,NA,NA,NA,NA,NA,NA,NA,NA,NA,NA,NA,NA
1,Bu,506,8.5,1,10.0,NA,NA,NA,NA,NA,NA,NA,NA,NA,NA,NA,NA,NA,NA,NA
1,Bu,507,11.0,NA,NA,11.4,1,NA,NA,NA,NA,NA,NA,NA,NA,NA,NA,NA,NA,NA
1,Bu,508,10.9,1,NA,NA,NA,NA,NA,NA,NA,NA,NA,NA,NA,NA,NA,NA,NA,NA
1,Bu,509,15.8,NA,NA,19.0,NA,NA,26.1,NA,NA,30.2,NA,NA,35.0,NA,NA,38.2,NA,NA
1,Bu,510,11.4,1,NA,NA,NA,NA,NA,NA,NA,NA,NA,NA,NA,NA,NA,NA,NA,NA
1,Bu,511,12.0,NA,NA,12.9,NA,NA,15.1,NA,NA,15.4,NA,NA,19.7,1,NA,NA,NA,NA
1,Bu,512,10.5,1,NA,NA,NA,NA,NA,NA,NA,NA,NA,NA,NA,NA,NA,NA,NA,NA
1,Bu,513,7.2,1,NA,NA,NA,NA,NA,NA,NA,NA,NA,NA,NA,NA,NA,NA,NA,NA
1,Bu,514,16.4,NA,NA,19.2,NA,NA,24.3,2,NA,NA,NA,NA,NA,NA,NA,NA,NA,NA
2,Es,515,15.2,1,NA,NA,NA,NA,NA,NA,NA,NA,NA,NA,NA,NA,NA,NA,NA,NA
1,Bu,516,14.9,NA,NA,16.3,NA,NA,18.3,7,NA,NA,NA,NA,NA,NA,NA,NA,NA,NA
1,Bu,517,10.9,NA,NA,11.2,7,NA,NA,NA,NA,NA,NA,NA,NA,NA,NA,NA,NA,NA
1,Bu,518,14.0,NA,NA,16.0,NA,NA,18.3,2,NA,NA,NA,NA,NA,NA,NA,NA,NA,NA
3,Ah,519,13.6,1,NA,NA,NA,NA,NA,NA,NA,NA,NA,NA,NA,NA,NA,NA,NA,NA
1,Bu,520,16.5,NA,13.2,20.0,NA,NA,26.7,NA,NA,30.7,NA,NA,35.6,NA,NA,38.9,NA,NA
1,Bu,521,16.5,NA,NA,18.6,NA,26.8,22.0,2,31.2,NA,NA,NA,NA,NA,NA,NA,NA,NA
1,Bu,522,7.2,5,NA,NA,NA,NA,NA,NA,NA,NA,NA,NA,NA,NA,NA,NA,NA,NA
1,Bu,523,14.0,NA,NA,15.0,NA,23.0,17.7,NA,25.6,18.3,NA,NA,22.1,1,NA,NA,NA,NA
1,Bu,524,13.1,1,NA,NA,NA,NA,NA,NA,NA,NA,NA,NA,NA,NA,NA,NA,NA,NA
1,Bu,525,10.4,1,NA,NA,NA,NA,NA,NA,NA,NA,NA,NA,NA,NA,NA,NA,NA,NA
1,Bu,526,11.1,1,NA,NA,NA,NA,NA,NA,NA,NA,NA,NA,NA,NA,NA,NA,NA,NA
1,Bu,527,15.1,NA,NA,17.7,NA,NA,22.0,NA,NA,25.1,NA,NA,29.9,1,NA,NA,NA,NA
1,Bu,528,16.2,NA,NA,19.7,NA,24.5,26.2,NA,27.6,29.7,2,32.3,NA,NA,NA,NA,NA,NA
1,Bu,529,10.7,1,NA,NA,NA,NA,NA,NA,NA,NA,NA,NA,NA,NA,NA,NA,NA,NA
1,Bu,530,6.9,5,NA,NA,NA,NA,NA,NA,NA,NA,NA,NA,NA,NA,NA,NA,NA,NA
1,Bu,531,9.0,1,NA,NA,NA,NA,NA,NA,NA,NA,NA,NA,NA,NA,NA,NA,NA,NA
1,Bu,532,13.4,NA,NA,14.9,7,NA,NA,NA,NA,NA,NA,NA,NA,NA,NA,NA,NA,NA
1,Bu,533,21.8,NA,NA,25.9,1,NA,NA,NA,NA,NA,NA,NA,NA,NA,NA,NA,NA,NA
2,Es,534,16.2,NA,NA,20.8,NA,25.9,27.6,2,28.3,NA,NA,NA,NA,NA,NA,NA,NA,NA
1,Bu,535,7.6,1,NA,NA,NA,NA,NA,NA,NA,NA,NA,NA,NA,NA,NA,NA,NA,NA
1,Bu,536,16.1,NA,NA,18.0,7,NA,NA,NA,NA,NA,NA,NA,NA,NA,NA,NA,NA,NA
1,Bu,537,11.8,NA,NA,11.8,7,NA,NA,NA,NA,NA,NA,NA,NA,NA,NA,NA,NA,NA
1,Bu,538,13.3,NA,NA,15.0,NA,NA,18.0,2,NA,NA,NA,NA,NA,NA,NA,NA,NA,NA
1,Bu,539,8.8,5,NA,NA,NA,NA,NA,NA,NA,NA,NA,NA,NA,NA,NA,NA,NA,NA
1,Bu,540,14.0,NA,NA,15.4,2,27.3,NA,NA,NA,NA,NA,NA,NA,NA,NA,NA,NA,NA
1,Bu,541,12.6,NA,NA,14.0,NA,23.6,16.8,7,25.3,NA,NA,NA,NA,NA,NA,NA,NA,NA
1,Bu,542,12.1,NA,NA,12.1,4,NA,NA,NA,NA,NA,NA,NA,NA,NA,NA,NA,NA,NA
1,Bu,543,16.7,NA,NA,20.3,7,NA,NA,NA,NA,NA,NA,NA,NA,NA,NA,NA,NA,NA
1,Bu,544,14.7,NA,NA,15.5,NA,NA,21.2,NA,NA,22.0,NA,NA,24.9,1,NA,NA,NA,NA
1,Bu,545,12.2,NA,NA,12.2,7,NA,NA,NA,NA,NA,NA,NA,NA,NA,NA,NA,NA,NA
1,Bu,546,17.9,NA,NA,19.0,NA,NA,23.8,NA,NA,26.0,NA,NA,32.9,NA,NA,34.0,NA,32.9
1,Bu,547,10.9,1,NA,NA,NA,NA,NA,NA,NA,NA,NA,NA,NA,NA,NA,NA,NA,NA
1,Bu,548,14.2,NA,NA,15.9,NA,NA,22.8,2,NA,NA,NA,NA,NA,NA,NA,NA,NA,NA
1,Bu,549,16.6,NA,NA,21.0,1,NA,NA,NA,NA,NA,NA,NA,NA,NA,NA,NA,NA,NA
1,Bu,550,16.1,NA,NA,18.0,NA,NA,23.7,NA,NA,26.5,NA,NA,30.3,1,NA,NA,NA,NA
1,Bu,551,10.6,NA,NA,10.7,7,NA,NA,NA,NA,NA,NA,NA,NA,NA,NA,NA,NA,NA
1,Bu,552,10.9,1,NA,NA,NA,NA,NA,NA,NA,NA,NA,NA,NA,NA,NA,NA,NA,NA
1,Bu,553,11.3,NA,NA,12.1,7,NA,NA,NA,NA,NA,NA,NA,NA,NA,NA,NA,NA,NA
1,Bu,554,10.6,NA,NA,10.6,7,NA,NA,NA,NA,NA,NA,NA,NA,NA,NA,NA,NA,NA
1,Bu,555,11.2,NA,NA,11.4,NA,NA,11.7,7,NA,NA,NA,NA,NA,NA,NA,NA,NA,NA
1,Bu,556,8.6,5,NA,NA,NA,NA,NA,NA,NA,NA,NA,NA,NA,NA,NA,NA,NA,NA
1,Bu,557,8.5,5,NA,NA,NA,NA,NA,NA,NA,NA,NA,NA,NA,NA,NA,NA,NA,NA
1,Bu,558,11.7,NA,NA,11.8,7,NA,NA,NA,NA,NA,NA,NA,NA,NA,NA,NA,NA,NA
2,Es,559,12.1,NA,NA,12.0,7,NA,NA,NA,NA,NA,NA,NA,NA,NA,NA,NA,NA,NA
1,Bu,560,16.6,NA,NA,20.3,NA,23.5,27.0,NA,30.2,29.6,NA,31.0,34.6,NA,33.1,37.8,2,NA
1,Bu,561,9.9,NA,NA,9.7,7,NA,NA,NA,NA,NA,NA,NA,NA,NA,NA,NA,NA,NA
1,Bu,562,12.2,NA,NA,12.8,7,NA,NA,NA,NA,NA,NA,NA,NA,NA,NA,NA,NA,NA
1,Bu,563,14.5,NA,NA,15.7,NA,NA,16.2,2,NA,NA,NA,NA,NA,NA,NA,NA,NA,NA
1,Bu,564,11.1,NA,NA,11.2,7,NA,NA,NA,NA,NA,NA,NA,NA,NA,NA,NA,NA,NA
1,Bu,565,10.6,NA,NA,11.0,7,NA,NA,NA,NA,NA,NA,NA,NA,NA,NA,NA,NA,NA
1,Bu,566,8.8,5,NA,NA,NA,NA,NA,NA,NA,NA,NA,NA,NA,NA,NA,NA,NA,NA
1,Bu,567,20.2,NA,NA,24.8,1,NA,NA,NA,NA,NA,NA,NA,NA,NA,NA,NA,NA,NA
1,Bu,568,10.4,NA,NA,10.5,7,NA,NA,NA,NA,NA,NA,NA,NA,NA,NA,NA,NA,NA
1,Bu,569,16.5,NA,NA,20.7,NA,25.0,31.1,NA,31.6,35.6,NA,NA,41.2,NA,NA,43.5,NA,NA
1,Bu,570,13.8,NA,NA,13.8,7,NA,NA,NA,NA,NA,NA,NA,NA,NA,NA,NA,NA,NA
1,Bu,571,8.8,5,NA,NA,NA,NA,NA,NA,NA,NA,NA,NA,NA,NA,NA,NA,NA,NA
1,Bu,572,12.9,NA,NA,13.6,1,NA,NA,NA,NA,NA,NA,NA,NA,NA,NA,NA,NA,NA
1,Bu,573,13.4,NA,NA,15.0,NA,22.5,21.7,2,29.2,NA,NA,NA,NA,NA,NA,NA,NA,NA
1,Bu,574,12.2,NA,NA,12.4,7,NA,NA,NA,NA,NA,NA,NA,NA,NA,NA,NA,NA,NA
1,Bu,575,10.5,NA,NA,11.4,7,NA,NA,NA,NA,NA,NA,NA,NA,NA,NA,NA,NA,NA
1,Bu,576,11.5,NA,NA,13.4,7,NA,NA,NA,NA,NA,NA,NA,NA,NA,NA,NA,NA,NA
1,Bu,577,20.8,NA,NA,28.3,NA,NA,40.1,NA,NA,47.5,NA,NA,54.8,NA,NA,58.4,NA,35.1
3,Ah,578,13.8,1,NA,NA,NA,NA,NA,NA,NA,NA,NA,NA,NA,NA,NA,NA,NA,NA
1,Bu,579,12.0,5,NA,NA,NA,NA,NA,NA,NA,NA,NA,NA,NA,NA,NA,NA,NA,NA
1,Bu,580,14.6,NA,NA,19.0,7,NA,NA,NA,NA,NA,NA,NA,NA,NA,NA,NA,NA,NA
1,Bu,581,7.6,1,NA,NA,NA,NA,NA,NA,NA,NA,NA,NA,NA,NA,NA,NA,NA,NA
1,Bu,582,18.6,NA,NA,19.1,7,NA,NA,NA,NA,NA,NA,NA,NA,NA,NA,NA,NA,NA
1,Bu,583,10.4,1,18.6,NA,NA,NA,NA,NA,NA,NA,NA,NA,NA,NA,NA,NA,NA,NA
1,Bu,584,16.2,NA,NA,16.2,7,NA,NA,NA,NA,NA,NA,NA,NA,NA,NA,NA,NA,NA
1,Bu,585,22.3,NA,NA,28.0,1,NA,NA,NA,NA,NA,NA,NA,NA,NA,NA,NA,NA,NA
1,Bu,586,12.0,NA,NA,12.7,7,NA,NA,NA,NA,NA,NA,NA,NA,NA,NA,NA,NA,NA
1,Bu,587,14.3,NA,NA,14.8,7,NA,NA,NA,NA,NA,NA,NA,NA,NA,NA,NA,NA,NA
1,Bu,588,23.5,NA,NA,29.4,1,NA,NA,NA,NA,NA,NA,NA,NA,NA,NA,NA,NA,NA
1,Bu,589,10.2,1,NA,NA,NA,NA,NA,NA,NA,NA,NA,NA,NA,NA,NA,NA,NA,NA
1,Bu,590,11.5,NA,NA,11.6,7,NA,NA,NA,NA,NA,NA,NA,NA,NA,NA,NA,NA,NA
1,Bu,591,11.8,NA,NA,12.6,7,NA,NA,NA,NA,NA,NA,NA,NA,NA,NA,NA,NA,NA
